ESPN Player ID,Full Name,First Name,Last Name,Headshot URL,Height Inches,Weight Pounds,Birth Date,Birth City,Birth State Region,Birth Country,NBA Position Name,NBA Position Abbreviation,Jersey Number,ESPN NBA Team ID,NBA Team Name,Team Relationship,Draft Year,Draft Round,Draft Pick,Debut Year,NBA Experience Years,Active,Status,Profile Source,Profile Fetched At
1966,LeBron James,LeBron,James,https://a.espncdn.com/i/headshots/nba/players/full/1966.png,81.0,250.0,1984-12-30,Akron,OH,USA,Forward,F,23,20,Philadelphia 76ers,current,2003.0,1.0,1.0,2003.0,23.0,True,active,espn-core-athlete,2026-09-21T01:15:56Z
2779,Chris Paul,Chris,Paul,https://a.espncdn.com/i/headshots/nba/players/full/2779.png,72.0,175.0,1985-05-06,Winston-Salem,NC,USA,Guard,G,,28,Toronto Raptors,last-known,2005.0,1.0,4.0,2005.0,20.0,False,free-agent,espn-core-athlete,2026-09-21T01:15:56Z
3012,Kyle Lowry,Kyle,Lowry,https://a.espncdn.com/i/headshots/nba/players/full/3012.png,72.0,196.0,1986-03-25,Philadelphia,PA,USA,Guard,G,7,20,Philadelphia 76ers,last-known,2006.0,1.0,24.0,2006.0,19.0,False,inactive,espn-core-athlete,2026-09-21T01:15:56Z
3195,Mike Conley,Mike,Conley,https://a.espncdn.com/i/headshots/nba/players/full/3195.png,73.0,175.0,1987-10-11,Indianapolis,IN,USA,Guard,G,45,2,Boston Celtics,current,2007.0,1.0,4.0,2007.0,19.0,True,active,espn-core-athlete,2026-09-21T01:15:56Z
3202,Kevin Durant,Kevin,Durant,https://a.espncdn.com/i/headshots/nba/players/full/3202.png,83.0,240.0,1988-09-29,Suitland,MD,USA,Forward,F,7,10,Houston Rockets,current,2007.0,1.0,2.0,2007.0,19.0,True,active,espn-core-athlete,2026-09-21T01:15:56Z
3213,Al Horford,Al,Horford,https://a.espncdn.com/i/headshots/nba/players/full/3213.png,80.0,240.0,1986-06-03,Puerto Plata,,Dominican Republic,Center,C,20,9,Golden State Warriors,current,2007.0,1.0,3.0,2007.0,19.0,True,active,espn-core-athlete,2026-09-21T01:15:56Z
3244,Thaddeus Young,Thaddeus,Young,https://a.espncdn.com/i/headshots/nba/players/full/3244.png,80.0,225.0,1988-06-21,New Orleans,LA,USA,Forward,F,30,21,Phoenix Suns,last-known,2007.0,1.0,12.0,2007.0,16.0,False,free-agent,espn-core-athlete,2026-09-21T01:15:56Z
3431,Eric Gordon,Eric,Gordon,https://a.espncdn.com/i/headshots/nba/players/full/3431.png,75.0,215.0,1988-12-25,Indianapolis,IN,USA,Guard,G,,29,Memphis Grizzlies,last-known,2008.0,1.0,7.0,2008.0,17.0,False,free-agent,espn-core-athlete,2026-09-21T01:15:56Z
3448,Brook Lopez,Brook,Lopez,https://a.espncdn.com/i/headshots/nba/players/full/3448.png,85.0,282.0,1988-04-01,North Hollywood,CA,USA,Center,C,11,12,LA Clippers,current,2008.0,1.0,10.0,2008.0,18.0,True,active,espn-core-athlete,2026-09-21T01:15:56Z
3449,Kevin Love,Kevin,Love,https://a.espncdn.com/i/headshots/nba/players/full/3449.png,82.0,251.0,1988-09-07,Santa Monica,CA,USA,Forward,F,42,26,Utah Jazz,last-known,2008.0,1.0,5.0,2008.0,18.0,False,free-agent,espn-core-athlete,2026-09-21T01:15:56Z
3468,Russell Westbrook,Russell,Westbrook,https://a.espncdn.com/i/headshots/nba/players/full/3468.png,76.0,200.0,1988-11-12,Long Beach,CA,USA,Guard,G,18,23,Sacramento Kings,last-known,2008.0,1.0,4.0,2008.0,18.0,False,free-agent,espn-core-athlete,2026-09-21T01:15:56Z
3593,Bojan Bogdanovic,Bojan,Bogdanovic,https://a.espncdn.com/i/headshots/nba/players/full/3593.png,79.0,226.0,1989-04-18,,,Yugoslavia,Small Forward,SF,44,17,Brooklyn Nets,last-known,2011.0,2.0,31.0,2014.0,10.0,False,free-agent,espn-core-athlete,2026-09-21T01:15:56Z
3975,Stephen Curry,Stephen,Curry,https://a.espncdn.com/i/headshots/nba/players/full/3975.png,74.0,185.0,1988-03-14,Akron,OH,USA,Guard,G,30,9,Golden State Warriors,current,2009.0,1.0,7.0,2009.0,17.0,True,active,espn-core-athlete,2026-09-21T01:15:56Z
3978,DeMar DeRozan,DeMar,DeRozan,https://a.espncdn.com/i/headshots/nba/players/full/3978.png,78.0,220.0,1989-08-07,Compton,CA,USA,Guard,G,,7,Denver Nuggets,current,2009.0,1.0,9.0,2009.0,16.0,True,active,espn-core-athlete,2026-09-21T01:15:56Z
3989,Blake Griffin,Blake,Griffin,https://a.espncdn.com/i/headshots/nba/players/full/3989.png,81.0,250.0,1989-03-16,Oklahoma City,OK,USA,Power Forward,PF,91,2,Boston Celtics,last-known,2009.0,1.0,1.0,2010.0,12.0,False,inactive,espn-core-athlete,2026-09-21T01:15:56Z
3992,James Harden,James,Harden,https://a.espncdn.com/i/headshots/nba/players/full/3992.png,77.0,220.0,1989-08-26,Los Angeles,CA,USA,Guard,G,1,5,Cleveland Cavaliers,current,2009.0,1.0,3.0,2009.0,17.0,True,active,espn-core-athlete,2026-09-21T01:15:56Z
3995,Jrue Holiday,Jrue,Holiday,https://a.espncdn.com/i/headshots/nba/players/full/3995.png,76.0,220.0,1990-06-12,Chatsworth,CA,USA,Guard,G,5,22,Portland Trail Blazers,current,2009.0,1.0,17.0,2009.0,17.0,True,active,espn-core-athlete,2026-09-21T01:15:56Z
4237,John Wall,John,Wall,https://a.espncdn.com/i/headshots/nba/players/full/4237.png,75.0,210.0,1990-09-06,Raleigh,NC,USA,Point Guard,PG,11,10,Houston Rockets,last-known,2010.0,1.0,1.0,2010.0,10.0,False,inactive,espn-core-athlete,2026-09-21T01:15:56Z
4249,Gordon Hayward,Gordon,Hayward,https://a.espncdn.com/i/headshots/nba/players/full/4249.png,79.0,225.0,1990-03-23,Brownsburg,IN,USA,Small Forward,SF,33,25,Oklahoma City Thunder,last-known,2010.0,1.0,9.0,2010.0,13.0,False,free-agent,espn-core-athlete,2026-09-21T01:15:56Z
4251,Paul George,Paul,George,https://a.espncdn.com/i/headshots/nba/players/full/4251.png,80.0,220.0,1990-05-02,Palmdale,CA,USA,Forward,F,13,2,Boston Celtics,current,2010.0,1.0,10.0,2010.0,16.0,True,active,espn-core-athlete,2026-09-21T01:15:56Z
6427,Bismack Biyombo,Bismack,Biyombo,https://a.espncdn.com/i/headshots/nba/players/full/6427.png,80.0,255.0,1992-08-28,Lubumbashi,,Congo,Center,C,18,24,San Antonio Spurs,last-known,2011.0,1.0,7.0,2011.0,15.0,False,free-agent,espn-core-athlete,2026-09-21T01:15:56Z
6429,Alec Burks,Alec,Burks,https://a.espncdn.com/i/headshots/nba/players/full/6429.png,77.0,214.0,1991-07-20,Grandview,MO,USA,Shooting Guard,SG,18,14,Miami Heat,last-known,2011.0,1.0,12.0,2011.0,13.0,False,free-agent,espn-core-athlete,2026-09-21T01:15:56Z
6430,Jimmy Butler III,Jimmy,Butler III,https://a.espncdn.com/i/headshots/nba/players/full/6430.png,78.0,230.0,1989-09-14,Houston,TX,USA,Forward,F,10,9,Golden State Warriors,current,2011.0,1.0,30.0,2011.0,15.0,True,active,espn-core-athlete,2026-09-21T01:15:56Z
6440,Tobias Harris,Tobias,Harris,https://a.espncdn.com/i/headshots/nba/players/full/6440.png,80.0,226.0,1992-07-15,Dix Hills,NY,USA,Forward,F,,24,San Antonio Spurs,current,2011.0,1.0,19.0,2011.0,15.0,True,active,espn-core-athlete,2026-09-21T01:15:56Z
6442,Kyrie Irving,Kyrie,Irving,https://a.espncdn.com/i/headshots/nba/players/full/6442.png,74.0,195.0,1992-03-23,Melbourne,VIC,Australia,Guard,G,11,6,Dallas Mavericks,current,2011.0,1.0,1.0,2011.0,14.0,True,active,espn-core-athlete,2026-09-21T01:15:56Z
6443,Reggie Jackson,Reggie,Jackson,https://a.espncdn.com/i/headshots/nba/players/full/6443.png,74.0,208.0,1990-04-16,Pordenone,,Italy,Point Guard,PG,,27,Washington Wizards,last-known,2011.0,1.0,24.0,2011.0,13.0,False,free-agent,espn-core-athlete,2026-09-21T01:15:56Z
6450,Kawhi Leonard,Kawhi,Leonard,https://a.espncdn.com/i/headshots/nba/players/full/6450.png,78.0,225.0,1991-06-29,Los Angeles,CA,USA,Forward,F,2,28,Toronto Raptors,current,2011.0,1.0,15.0,2011.0,15.0,True,active,espn-core-athlete,2026-09-21T01:15:56Z
6462,Marcus Morris Sr.,Marcus,Morris Sr.,https://a.espncdn.com/i/headshots/nba/players/full/6462.png,80.0,218.0,1989-09-02,Philadelphia,PA,USA,Forward,F,13,18,New York Knicks,last-known,2011.0,1.0,14.0,2011.0,13.0,False,free-agent,espn-core-athlete,2026-09-21T01:15:56Z
6475,Klay Thompson,Klay,Thompson,https://a.espncdn.com/i/headshots/nba/players/full/6475.png,77.0,220.0,1990-02-08,Los Angeles,CA,USA,Guard,G,,14,Miami Heat,current,2011.0,1.0,11.0,2011.0,15.0,True,active,espn-core-athlete,2026-09-21T01:15:56Z
6477,Jonas Valanciunas,Jonas,Valanciunas,https://a.espncdn.com/i/headshots/nba/players/full/6477.png,83.0,265.0,1992-05-06,Utena,,Lithuania,Center,C,17,7,Denver Nuggets,last-known,2011.0,1.0,5.0,2012.0,13.0,False,free-agent,espn-core-athlete,2026-09-21T01:15:56Z
6478,Nikola Vucevic,Nikola,Vucevic,https://a.espncdn.com/i/headshots/nba/players/full/6478.png,81.0,260.0,1990-10-24,Simi Valley,CA,USA,Center,C,9,19,Orlando Magic,current,2011.0,1.0,16.0,2011.0,15.0,True,active,espn-core-athlete,2026-09-21T01:15:56Z
6578,Harrison Barnes,Harrison,Barnes,https://a.espncdn.com/i/headshots/nba/players/full/6578.png,79.0,225.0,1992-05-30,Ames,IA,USA,Forward,F,40,24,San Antonio Spurs,current,2012.0,1.0,7.0,2012.0,14.0,True,active,espn-core-athlete,2026-09-21T01:15:56Z
6580,Bradley Beal,Bradley,Beal,https://a.espncdn.com/i/headshots/nba/players/full/6580.png,76.0,207.0,1993-06-28,Saint Louis,MO,USA,Guard,G,3,12,LA Clippers,current,2012.0,1.0,3.0,2012.0,14.0,True,active,espn-core-athlete,2026-09-21T01:15:56Z
6583,Anthony Davis,Anthony,Davis,https://a.espncdn.com/i/headshots/nba/players/full/6583.png,82.0,253.0,1993-03-11,Chicago,IL,USA,Forward,F,23,27,Washington Wizards,current,2012.0,1.0,1.0,2012.0,14.0,True,active,espn-core-athlete,2026-09-21T01:15:56Z
6585,Andre Drummond,Andre,Drummond,https://a.espncdn.com/i/headshots/nba/players/full/6585.png,83.0,279.0,1993-08-10,Mount Vernon,NY,USA,Center,C,,18,New York Knicks,current,2012.0,1.0,9.0,2012.0,14.0,True,active,espn-core-athlete,2026-09-21T01:15:56Z
6589,Draymond Green,Draymond,Green,https://a.espncdn.com/i/headshots/nba/players/full/6589.png,78.0,230.0,1990-03-04,Saginaw,MI,USA,Forward,F,23,9,Golden State Warriors,current,2012.0,2.0,35.0,2012.0,14.0,True,active,espn-core-athlete,2026-09-21T01:15:56Z
6606,Damian Lillard,Damian,Lillard,https://a.espncdn.com/i/headshots/nba/players/full/6606.png,74.0,200.0,1990-07-15,Oakland,CA,USA,Guard,G,0,22,Portland Trail Blazers,current,2012.0,1.0,6.0,2012.0,13.0,True,active,espn-core-athlete,2026-09-21T01:15:56Z
6609,Khris Middleton,Khris,Middleton,https://a.espncdn.com/i/headshots/nba/players/full/6609.png,79.0,222.0,1991-08-12,Charleston,SC,USA,Forward,F,22,27,Washington Wizards,current,2012.0,2.0,39.0,2012.0,14.0,True,active,espn-core-athlete,2026-09-21T01:15:56Z
2326307,Seth Curry,Seth,Curry,https://a.espncdn.com/i/headshots/nba/players/full/2326307.png,73.0,185.0,1990-08-23,Charlotte,NC,USA,Guard,G,31,9,Golden State Warriors,last-known,,,,2013.0,13.0,False,free-agent,espn-core-athlete,2026-09-21T01:15:56Z
2488653,Mason Plumlee,Mason,Plumlee,https://a.espncdn.com/i/headshots/nba/players/full/2488653.png,84.0,254.0,1990-03-05,Fort Wayne,IN,USA,Center,C,45,24,San Antonio Spurs,last-known,2013.0,1.0,22.0,2013.0,13.0,False,free-agent,espn-core-athlete,2026-09-21T01:15:56Z
2489663,Kelly Olynyk,Kelly,Olynyk,https://a.espncdn.com/i/headshots/nba/players/full/2489663.png,84.0,240.0,1991-04-19,Toronto,ON,Canada,Forward,F,8,24,San Antonio Spurs,last-known,2013.0,1.0,13.0,2013.0,13.0,False,free-agent,espn-core-athlete,2026-09-21T01:15:56Z
2490149,CJ McCollum,CJ,McCollum,https://a.espncdn.com/i/headshots/nba/players/full/2490149.png,75.0,190.0,1991-09-19,Canton,OH,USA,Guard,G,3,1,Atlanta Hawks,current,2013.0,1.0,10.0,2013.0,13.0,True,active,espn-core-athlete,2026-09-21T01:15:56Z
2527963,Victor Oladipo,Victor,Oladipo,https://a.espncdn.com/i/headshots/nba/players/full/2527963.png,75.0,213.0,1992-05-04,Silver Spring,MD,USA,Shooting Guard,SG,52,111136,Guangzhou Loong-Lions,last-known,2013.0,1.0,2.0,2013.0,10.0,False,inactive,espn-core-athlete,2026-09-21T01:15:56Z
2528210,Tim Hardaway Jr.,Tim,Hardaway Jr.,https://a.espncdn.com/i/headshots/nba/players/full/2528210.png,77.0,205.0,1992-03-16,Alameda,CA,USA,Guard,G,10,14,Miami Heat,current,2013.0,1.0,24.0,2013.0,13.0,True,active,espn-core-athlete,2026-09-21T01:15:56Z
2528426,Jordan Clarkson,Jordan,Clarkson,https://a.espncdn.com/i/headshots/nba/players/full/2528426.png,77.0,194.0,1992-06-07,San Antonio,TX,USA,Guard,G,00,18,New York Knicks,current,2014.0,2.0,46.0,2014.0,12.0,True,active,espn-core-athlete,2026-09-21T01:15:56Z
2530530,T.J. McConnell,T.J.,McConnell,https://a.espncdn.com/i/headshots/nba/players/full/2530530.png,73.0,190.0,1992-03-25,Pittsburgh,PA,USA,Guard,G,9,11,Indiana Pacers,current,,,,2015.0,11.0,True,active,espn-core-athlete,2026-09-21T01:15:56Z
2566769,Malcolm Brogdon,Malcolm,Brogdon,https://a.espncdn.com/i/headshots/nba/players/full/2566769.png,76.0,229.0,1992-12-11,Atlanta,GA,USA,Guard,G,5,18,New York Knicks,last-known,2016.0,2.0,36.0,2016.0,9.0,False,inactive,espn-core-athlete,2026-09-21T01:15:56Z
2578185,Dorian Finney-Smith,Dorian,Finney-Smith,https://a.espncdn.com/i/headshots/nba/players/full/2578185.png,79.0,220.0,1993-05-04,Portsmouth,VA,USA,Forward,F,,30,Charlotte Hornets,current,,,,2016.0,10.0,True,active,espn-core-athlete,2026-09-21T01:15:56Z
2578239,Pat Connaughton,Pat,Connaughton,https://a.espncdn.com/i/headshots/nba/players/full/2578239.png,77.0,209.0,1993-01-06,Arlington,MA,USA,Guard,G,21,30,Charlotte Hornets,current,2015.0,2.0,41.0,2015.0,11.0,True,active,espn-core-athlete,2026-09-21T01:15:56Z
2580365,Larry Nance Jr.,Larry,Nance Jr.,https://a.espncdn.com/i/headshots/nba/players/full/2580365.png,78.0,245.0,1993-01-01,Akron,OH,USA,Forward,F,,11,Indiana Pacers,current,2015.0,1.0,27.0,2015.0,11.0,True,active,espn-core-athlete,2026-09-21T01:15:56Z
2580782,Spencer Dinwiddie,Spencer,Dinwiddie,https://a.espncdn.com/i/headshots/nba/players/full/2580782.png,77.0,215.0,1993-04-06,Woodland Hills,CA,USA,Point Guard,PG,26,30,Charlotte Hornets,last-known,2014.0,2.0,38.0,2014.0,11.0,False,free-agent,espn-core-athlete,2026-09-21T01:15:56Z
2581018,Kentavious Caldwell-Pope,Kentavious,Caldwell-Pope,https://a.espncdn.com/i/headshots/nba/players/full/2581018.png,77.0,204.0,1993-02-18,Thomaston,GA,USA,Guard,G,,20,Philadelphia 76ers,current,2013.0,1.0,8.0,2013.0,13.0,True,active,espn-core-athlete,2026-09-21T01:15:56Z
2581190,Josh Richardson,Josh,Richardson,https://a.espncdn.com/i/headshots/nba/players/full/2581190.png,77.0,200.0,1993-09-15,Edmond,OK,USA,Shooting Guard,SG,0,26,Utah Jazz,last-known,2015.0,2.0,40.0,2015.0,9.0,False,free-agent,espn-core-athlete,2026-09-21T01:15:56Z
2583632,Royce O'Neale,Royce,O'Neale,https://a.espncdn.com/i/headshots/nba/players/full/2583632.png,78.0,226.0,1993-06-05,Killeen,TX,USA,Forward,F,,30,Charlotte Hornets,current,,,,2017.0,9.0,True,active,espn-core-athlete,2026-09-21T01:15:56Z
2595516,Norman Powell,Norman,Powell,https://a.espncdn.com/i/headshots/nba/players/full/2595516.png,76.0,215.0,1993-05-25,San Diego,CA,USA,Guard,G,,4,Chicago Bulls,current,2015.0,2.0,46.0,2015.0,11.0,True,active,espn-core-athlete,2026-09-21T01:15:56Z
2990984,Buddy Hield,Buddy,Hield,https://a.espncdn.com/i/headshots/nba/players/full/2990984.png,76.0,220.0,1992-12-17,Freeport,GB,Bahamas,Guard,G,8,1,Atlanta Hawks,current,2016.0,1.0,6.0,2016.0,10.0,True,active,espn-core-athlete,2026-09-21T01:15:56Z
2990992,Marcus Smart,Marcus,Smart,https://a.espncdn.com/i/headshots/nba/players/full/2990992.png,75.0,220.0,1994-03-06,Flower Mound,TX,USA,Guard,G,,10,Houston Rockets,current,2014.0,1.0,6.0,2014.0,12.0,True,active,espn-core-athlete,2026-09-21T01:15:56Z
2991043,Caris LeVert,Caris,LeVert,https://a.espncdn.com/i/headshots/nba/players/full/2991043.png,79.0,205.0,1994-08-25,Pickerington,OH,USA,Guard,G,,15,Milwaukee Bucks,current,2016.0,1.0,20.0,2016.0,10.0,True,active,espn-core-athlete,2026-09-21T01:15:56Z
2991055,Montrezl Harrell,Montrezl,Harrell,https://a.espncdn.com/i/headshots/nba/players/full/2991055.png,79.0,240.0,1994-01-26,Tarboro,NC,USA,Center,C,5,20,Philadelphia 76ers,last-known,2015.0,2.0,32.0,2015.0,8.0,False,inactive,espn-core-athlete,2026-09-21T01:15:56Z
2991070,Jerami Grant,Jerami,Grant,https://a.espncdn.com/i/headshots/nba/players/full/2991070.png,79.0,213.0,1994-03-12,Portland,OR,USA,Forward,F,9,29,Memphis Grizzlies,current,2014.0,2.0,39.0,2014.0,12.0,True,active,espn-core-athlete,2026-09-21T01:15:56Z
2991139,Kris Dunn,Kris,Dunn,https://a.espncdn.com/i/headshots/nba/players/full/2991139.png,75.0,205.0,1994-03-18,New London,CT,USA,Guard,G,8,12,LA Clippers,current,2016.0,1.0,5.0,2016.0,10.0,True,active,espn-core-athlete,2026-09-21T01:15:56Z
2991230,Fred VanVleet,Fred,VanVleet,https://a.espncdn.com/i/headshots/nba/players/full/2991230.png,72.0,197.0,1994-02-25,Rockford,IL,USA,Guard,G,5,10,Houston Rockets,current,,,,2016.0,9.0,True,active,espn-core-athlete,2026-09-21T01:15:56Z
2991235,Steven Adams,Steven,Adams,https://a.espncdn.com/i/headshots/nba/players/full/2991235.png,83.0,265.0,1993-07-20,Rotorua,,New Zealand,Center,C,12,10,Houston Rockets,current,2013.0,1.0,12.0,2013.0,13.0,True,active,espn-core-athlete,2026-09-21T01:15:56Z
2991350,Alex Caruso,Alex,Caruso,https://a.espncdn.com/i/headshots/nba/players/full/2991350.png,77.0,186.0,1994-02-28,College Station,TX,USA,Guard,G,9,25,Oklahoma City Thunder,current,,,,2017.0,9.0,True,active,espn-core-athlete,2026-09-21T01:15:56Z
2993874,Kyle Anderson,Kyle,Anderson,https://a.espncdn.com/i/headshots/nba/players/full/2993874.png,80.0,230.0,1993-09-20,Fairview,NJ,USA,Forward,F,,28,Toronto Raptors,current,2014.0,1.0,30.0,2014.0,12.0,True,active,espn-core-athlete,2026-09-21T01:15:56Z
3032976,Rudy Gobert,Rudy,Gobert,https://a.espncdn.com/i/headshots/nba/players/full/3032976.png,85.0,258.0,1992-06-26,,,France,Center,C,27,16,Minnesota Timberwolves,current,2013.0,1.0,27.0,2013.0,13.0,True,active,espn-core-athlete,2026-09-21T01:15:56Z
3032977,Giannis Antetokounmpo,Giannis,Antetokounmpo,https://a.espncdn.com/i/headshots/nba/players/full/3032977.png,83.0,243.0,1994-12-06,Athens,,Greece,Forward,F,7,14,Miami Heat,current,2013.0,1.0,15.0,2013.0,13.0,True,active,espn-core-athlete,2026-09-21T01:15:56Z
3032978,Dario Saric,Dario,Saric,https://a.espncdn.com/i/headshots/nba/players/full/3032978.png,82.0,225.0,1994-04-08,Sibenik,,Croatia,Forward,F,,8,Detroit Pistons,last-known,2014.0,1.0,12.0,2016.0,9.0,False,inactive,espn-core-athlete,2026-09-21T01:15:56Z
3032979,Dennis Schroder,Dennis,Schroder,https://a.espncdn.com/i/headshots/nba/players/full/3032979.png,73.0,175.0,1993-09-15,Braunschweig,,Germany,Guard,G,,30,Charlotte Hornets,current,2013.0,1.0,17.0,2013.0,14.0,True,active,espn-core-athlete,2026-09-21T01:15:56Z
3037789,Bogdan Bogdanovic,Bogdan,Bogdanovic,https://a.espncdn.com/i/headshots/nba/players/full/3037789.png,77.0,225.0,1992-08-18,Belgrade,,Serbia,Guard,G,,10,Houston Rockets,current,2014.0,1.0,27.0,2017.0,9.0,True,active,espn-core-athlete,2026-09-21T01:15:56Z
3056247,Kendrick Nunn,Kendrick,Nunn,https://a.espncdn.com/i/headshots/nba/players/full/3056247.png,75.0,190.0,1995-08-03,Chicago,IL,USA,Guard,G,20,27,Washington Wizards,last-known,,,,2019.0,2.0,False,inactive,espn-core-athlete,2026-09-21T01:15:56Z
3058254,Christian Wood,Christian,Wood,https://a.espncdn.com/i/headshots/nba/players/full/3058254.png,80.0,214.0,1995-09-27,Palmdale,CA,USA,Forward,F,35,13,Los Angeles Lakers,last-known,,,,2015.0,8.0,False,free-agent,espn-core-athlete,2026-09-21T01:15:56Z
3059310,Monte Morris,Monte,Morris,https://a.espncdn.com/i/headshots/nba/players/full/3059310.png,74.0,183.0,1995-06-27,Grand Rapids,MI,USA,Point Guard,PG,3,11,Indiana Pacers,last-known,2017.0,2.0,51.0,2017.0,8.0,False,free-agent,espn-core-athlete,2026-09-21T01:15:56Z
3059318,Joel Embiid,Joel,Embiid,https://a.espncdn.com/i/headshots/nba/players/full/3059318.png,84.0,280.0,1994-03-16,Yaounde,,Cameroon,Center,C,21,20,Philadelphia 76ers,current,2014.0,1.0,3.0,2016.0,10.0,True,active,espn-core-athlete,2026-09-21T01:15:56Z
3059319,Andrew Wiggins,Andrew,Wiggins,https://a.espncdn.com/i/headshots/nba/players/full/3059319.png,79.0,210.0,1995-02-23,Thornhill,ON,Canada,Forward,F,22,14,Miami Heat,current,2014.0,1.0,1.0,2014.0,12.0,True,active,espn-core-athlete,2026-09-21T01:15:56Z
3062679,Josh Hart,Josh,Hart,https://a.espncdn.com/i/headshots/nba/players/full/3062679.png,77.0,215.0,1995-03-06,Silver Spring,MD,USA,Guard,G,3,18,New York Knicks,current,2017.0,1.0,30.0,2017.0,9.0,True,active,espn-core-athlete,2026-09-21T01:15:56Z
3064230,Cameron Payne,Cameron,Payne,https://a.espncdn.com/i/headshots/nba/players/full/3064230.png,75.0,183.0,1994-08-08,Bartlett,TN,USA,Point Guard,PG,20,20,Philadelphia 76ers,last-known,2015.0,1.0,14.0,2015.0,10.0,False,free-agent,espn-core-athlete,2026-09-21T01:15:56Z
3064290,Aaron Gordon,Aaron,Gordon,https://a.espncdn.com/i/headshots/nba/players/full/3064290.png,80.0,235.0,1995-09-16,San Jose,CA,USA,Forward,F,32,7,Denver Nuggets,current,2014.0,1.0,4.0,2014.0,12.0,True,active,espn-core-athlete,2026-09-21T01:15:56Z
3064440,Zach LaVine,Zach,LaVine,https://a.espncdn.com/i/headshots/nba/players/full/3064440.png,77.0,200.0,1995-03-10,Seattle,WA,USA,Guard,G,8,23,Sacramento Kings,current,2014.0,1.0,13.0,2014.0,12.0,True,active,espn-core-athlete,2026-09-21T01:15:56Z
3064447,Delon Wright,Delon,Wright,https://a.espncdn.com/i/headshots/nba/players/full/3064447.png,77.0,185.0,1992-04-26,Los Angeles,CA,USA,Guard,G,3,11,Indiana Pacers,last-known,2015.0,1.0,20.0,2015.0,10.0,False,free-agent,espn-core-athlete,2026-09-21T01:15:56Z
3064482,Bobby Portis,Bobby,Portis,https://a.espncdn.com/i/headshots/nba/players/full/3064482.png,81.0,250.0,1995-02-10,Little Rock,AR,USA,Forward,F,95,14,Miami Heat,current,2015.0,1.0,22.0,2015.0,11.0,True,active,espn-core-athlete,2026-09-21T01:15:56Z
3064514,Julius Randle,Julius,Randle,https://a.espncdn.com/i/headshots/nba/players/full/3064514.png,81.0,250.0,1994-11-29,Dallas,TX,USA,Forward,F,30,17,Brooklyn Nets,current,2014.0,1.0,7.0,2014.0,12.0,True,active,espn-core-athlete,2026-09-21T01:15:56Z
3074752,Terry Rozier,Terry,Rozier,https://a.espncdn.com/i/headshots/nba/players/full/3074752.png,73.0,190.0,1994-03-17,Youngstown,OH,USA,Guard,G,2,14,Miami Heat,last-known,2015.0,1.0,16.0,2015.0,10.0,False,free-agent,espn-core-athlete,2026-09-21T01:15:56Z
3078576,Derrick White,Derrick,White,https://a.espncdn.com/i/headshots/nba/players/full/3078576.png,76.0,190.0,1994-07-02,Parker,CO,USA,Guard,G,9,2,Boston Celtics,current,2017.0,1.0,29.0,2017.0,9.0,True,active,espn-core-athlete,2026-09-21T01:15:56Z
3102528,Dante Exum,Dante,Exum,https://a.espncdn.com/i/headshots/nba/players/full/3102528.png,77.0,214.0,1995-07-13,Melbourne,VIC,Australia,Guard,G,,27,Washington Wizards,last-known,2014.0,1.0,5.0,2014.0,9.0,False,free-agent,espn-core-athlete,2026-09-21T01:15:56Z
3102529,Clint Capela,Clint,Capela,https://a.espncdn.com/i/headshots/nba/players/full/3102529.png,82.0,256.0,1994-05-18,Geneva,,Switzerland,Center,C,30,10,Houston Rockets,current,2014.0,1.0,25.0,2014.0,12.0,True,active,espn-core-athlete,2026-09-21T01:15:56Z
3102530,Jusuf Nurkic,Jusuf,Nurkic,https://a.espncdn.com/i/headshots/nba/players/full/3102530.png,83.0,290.0,1994-08-23,Tuzla,,Bosnia & Herzegovina,Center,C,30,26,Utah Jazz,current,2014.0,1.0,16.0,2014.0,12.0,True,active,espn-core-athlete,2026-09-21T01:15:56Z
3102531,Kristaps Porzingis,Kristaps,Porzingis,https://a.espncdn.com/i/headshots/nba/players/full/3102531.png,86.0,240.0,1995-08-02,Liepaja,,Latvia,Center,C,7,9,Golden State Warriors,current,2015.0,1.0,4.0,2015.0,11.0,True,active,espn-core-athlete,2026-09-21T01:15:56Z
3112335,Nikola Jokic,Nikola,Jokic,https://a.espncdn.com/i/headshots/nba/players/full/3112335.png,83.0,284.0,1995-02-19,Sombor,,Serbia,Center,C,15,7,Denver Nuggets,current,2014.0,2.0,41.0,2015.0,11.0,True,active,espn-core-athlete,2026-09-21T01:15:56Z
3133601,Devonte' Graham,Devonte',Graham,https://a.espncdn.com/i/headshots/nba/players/full/3133601.png,73.0,195.0,1995-02-22,Raleigh,NC,USA,Point Guard,PG,18,22,Portland Trail Blazers,last-known,2018.0,2.0,34.0,2018.0,6.0,False,free-agent,espn-core-athlete,2026-09-21T01:15:56Z
3133603,Kelly Oubre Jr.,Kelly,Oubre Jr.,https://a.espncdn.com/i/headshots/nba/players/full/3133603.png,80.0,203.0,1995-12-09,Henderson,NV,USA,Guard,G,,11,Indiana Pacers,current,2015.0,1.0,15.0,2015.0,11.0,True,active,espn-core-athlete,2026-09-21T01:15:56Z
3133628,Myles Turner,Myles,Turner,https://a.espncdn.com/i/headshots/nba/players/full/3133628.png,83.0,250.0,1996-03-24,Bedford,TX,USA,Center,C,3,15,Milwaukee Bucks,current,2015.0,1.0,11.0,2015.0,11.0,True,active,espn-core-athlete,2026-09-21T01:15:56Z
3133635,Jevon Carter,Jevon,Carter,https://a.espncdn.com/i/headshots/nba/players/full/3133635.png,72.0,200.0,1995-09-14,Maywood,IL,USA,Guard,G,2,19,Orlando Magic,current,2018.0,2.0,32.0,2018.0,8.0,True,active,espn-core-athlete,2026-09-21T01:15:56Z
3134903,Gary Payton II,Gary,Payton II,https://a.espncdn.com/i/headshots/nba/players/full/3134903.png,74.0,195.0,1992-12-01,Las Vegas,NV,USA,Guard,G,0,9,Golden State Warriors,current,,,,2016.0,10.0,True,active,espn-core-athlete,2026-09-21T01:15:56Z
3134907,Kyle Kuzma,Kyle,Kuzma,https://a.espncdn.com/i/headshots/nba/players/full/3134907.png,80.0,221.0,1995-07-24,Flint,MI,USA,Forward,F,18,15,Milwaukee Bucks,current,2017.0,1.0,27.0,2017.0,9.0,True,active,espn-core-athlete,2026-09-21T01:15:56Z
3134908,Jakob Poeltl,Jakob,Poeltl,https://a.espncdn.com/i/headshots/nba/players/full/3134908.png,84.0,253.0,1995-10-15,Vienna,,Austria,Center,C,19,28,Toronto Raptors,current,2016.0,1.0,9.0,2016.0,10.0,True,active,espn-core-athlete,2026-09-21T01:15:56Z
3135045,Grayson Allen,Grayson,Allen,https://a.espncdn.com/i/headshots/nba/players/full/3135045.png,75.0,198.0,1995-10-08,Jacksonville,FL,USA,Guard,G,,30,Charlotte Hornets,current,2018.0,1.0,21.0,2018.0,8.0,True,active,espn-core-athlete,2026-09-21T01:15:56Z
3135046,Tyus Jones,Tyus,Jones,https://a.espncdn.com/i/headshots/nba/players/full/3135046.png,72.0,196.0,1996-05-10,Burnsville,MN,USA,Guard,G,5,7,Denver Nuggets,current,2015.0,1.0,24.0,2015.0,11.0,True,active,espn-core-athlete,2026-09-21T01:15:56Z
3136193,Devin Booker,Devin,Booker,https://a.espncdn.com/i/headshots/nba/players/full/3136193.png,77.0,206.0,1996-10-30,Grand Rapids,MI,USA,Guard,G,15,21,Phoenix Suns,current,2015.0,1.0,13.0,2015.0,11.0,True,active,espn-core-athlete,2026-09-21T01:15:56Z
3136195,Karl-Anthony Towns,Karl-Anthony,Towns,https://a.espncdn.com/i/headshots/nba/players/full/3136195.png,84.0,248.0,1995-11-15,Edison,NJ,USA,Center,C,32,18,New York Knicks,current,2015.0,1.0,1.0,2015.0,11.0,True,active,espn-core-athlete,2026-09-21T01:15:56Z
3136776,D'Angelo Russell,D'Angelo,Russell,https://a.espncdn.com/i/headshots/nba/players/full/3136776.png,75.0,193.0,1996-02-23,Louisville,KY,USA,Guard,G,,29,Memphis Grizzlies,current,2015.0,1.0,2.0,2015.0,11.0,True,active,espn-core-athlete,2026-09-21T01:15:56Z
3136777,Jae'Sean Tate,Jae'Sean,Tate,https://a.espncdn.com/i/headshots/nba/players/full/3136777.png,76.0,230.0,1995-10-28,Pickerington,OH,USA,Forward,F,8,10,Houston Rockets,current,,,,2020.0,6.0,True,active,espn-core-athlete,2026-09-21T01:15:56Z
3136779,Keita Bates-Diop,Keita,Bates-Diop,https://a.espncdn.com/i/headshots/nba/players/full/3136779.png,80.0,229.0,1996-01-23,Sacramento,CA,USA,Small Forward,SF,31,16,Minnesota Timberwolves,last-known,2018.0,2.0,48.0,2018.0,6.0,False,free-agent,espn-core-athlete,2026-09-21T01:15:56Z
3138160,Caleb Martin,Caleb,Martin,https://a.espncdn.com/i/headshots/nba/players/full/3138160.png,77.0,205.0,1995-09-28,Mocksville,NC,USA,Forward,F,16,6,Dallas Mavericks,current,,,,2019.0,7.0,True,active,espn-core-athlete,2026-09-21T01:15:56Z
3138196,Cameron Johnson,Cameron,Johnson,https://a.espncdn.com/i/headshots/nba/players/full/3138196.png,80.0,210.0,1996-03-03,Moon Township,PA,USA,Forward,F,23,7,Denver Nuggets,current,2019.0,1.0,11.0,2019.0,7.0,True,active,espn-core-athlete,2026-09-21T01:15:56Z
3147657,Mikal Bridges,Mikal,Bridges,https://a.espncdn.com/i/headshots/nba/players/full/3147657.png,78.0,209.0,1996-08-30,Malvern,PA,USA,Guard,G,25,18,New York Knicks,current,2018.0,1.0,10.0,2018.0,8.0,True,active,espn-core-athlete,2026-09-21T01:15:56Z
3149673,Pascal Siakam,Pascal,Siakam,https://a.espncdn.com/i/headshots/nba/players/full/3149673.png,80.0,245.0,1994-04-02,Douala,,Cameroon,Forward,F,43,11,Indiana Pacers,current,2016.0,1.0,27.0,2016.0,10.0,True,active,espn-core-athlete,2026-09-21T01:15:56Z
3150844,Moritz Wagner,Moritz,Wagner,https://a.espncdn.com/i/headshots/nba/players/full/3150844.png,83.0,245.0,1997-04-26,Berlin,,Germany,Forward,F,,17,Brooklyn Nets,current,2018.0,1.0,25.0,2018.0,8.0,True,active,espn-core-athlete,2026-09-21T01:15:56Z
3155526,Dillon Brooks,Dillon,Brooks,https://a.espncdn.com/i/headshots/nba/players/full/3155526.png,79.0,225.0,1996-01-22,Mississauga,ON,Canada,Forward,F,3,21,Phoenix Suns,current,2017.0,2.0,45.0,2017.0,9.0,True,active,espn-core-athlete,2026-09-21T01:15:56Z
3155535,Kevon Looney,Kevon,Looney,https://a.espncdn.com/i/headshots/nba/players/full/3155535.png,81.0,222.0,1996-02-06,Milwaukee,WI,USA,Forward,F,,13,Los Angeles Lakers,current,2015.0,1.0,30.0,2015.0,11.0,True,active,espn-core-athlete,2026-09-21T01:15:56Z
3155942,Domantas Sabonis,Domantas,Sabonis,https://a.espncdn.com/i/headshots/nba/players/full/3155942.png,82.0,240.0,1996-05-03,Kaunas,,Lithuania,Forward,F,11,23,Sacramento Kings,current,2016.0,1.0,11.0,2016.0,10.0,True,active,espn-core-athlete,2026-09-21T01:15:56Z
3157465,Duncan Robinson,Duncan,Robinson,https://a.espncdn.com/i/headshots/nba/players/full/3157465.png,79.0,215.0,1994-04-22,York,ME,USA,Forward,F,55,8,Detroit Pistons,current,,,,2018.0,8.0,True,active,espn-core-athlete,2026-09-21T01:15:56Z
3899664,Simone Fontecchio,Simone,Fontecchio,https://a.espncdn.com/i/headshots/nba/players/full/3899664.png,79.0,220.0,1995-12-09,L'aquila,,Italy,Forward,F,0,14,Miami Heat,current,,,,,4.0,True,active,espn-core-athlete,2026-09-21T01:15:56Z
3906665,Brandon Clarke,Brandon,Clarke,https://a.espncdn.com/i/headshots/nba/players/full/3906665.png,80.0,215.0,1996-09-19,Vancouver,BC,Canada,Forward,F,15,29,Memphis Grizzlies,last-known,2019.0,1.0,21.0,2019.0,6.0,False,inactive,espn-core-athlete,2026-09-21T01:15:56Z
3907387,Ben Simmons,Ben,Simmons,https://a.espncdn.com/i/headshots/nba/players/full/3907387.png,82.0,240.0,1996-07-20,Melbourne,VIC,Australia,Guard,G,,23,Sacramento Kings,current,2016.0,1.0,1.0,2017.0,,True,active,espn-core-athlete,2026-09-21T01:15:56Z
3907497,Dejounte Murray,Dejounte,Murray,https://a.espncdn.com/i/headshots/nba/players/full/3907497.png,76.0,180.0,1996-09-19,Seattle,WA,USA,Guard,G,5,3,New Orleans Pelicans,current,2016.0,1.0,29.0,2016.0,10.0,True,active,espn-core-athlete,2026-09-21T01:15:56Z
3907498,Matisse Thybulle,Matisse,Thybulle,https://a.espncdn.com/i/headshots/nba/players/full/3907498.png,77.0,202.0,1997-03-04,Issaquah,WA,USA,Guard,G,,13,Los Angeles Lakers,current,2019.0,1.0,20.0,2019.0,7.0,True,active,espn-core-athlete,2026-09-21T01:15:56Z
3907822,Malik Beasley,Malik,Beasley,https://a.espncdn.com/i/headshots/nba/players/full/3907822.png,76.0,187.0,1996-11-26,Atlanta,GA,USA,Shooting Guard,SG,5,8,Detroit Pistons,last-known,2016.0,1.0,19.0,2016.0,8.0,False,free-agent,espn-core-athlete,2026-09-21T01:15:56Z
3907823,Terance Mann,Terance,Mann,https://a.espncdn.com/i/headshots/nba/players/full/3907823.png,78.0,215.0,1996-10-18,Brooklyn,NY,USA,Guard,G,14,17,Brooklyn Nets,current,2019.0,2.0,48.0,2019.0,7.0,True,active,espn-core-athlete,2026-09-21T01:15:56Z
3908809,Donovan Mitchell,Donovan,Mitchell,https://a.espncdn.com/i/headshots/nba/players/full/3908809.png,74.0,215.0,1996-09-07,Greenwich,CT,USA,Guard,G,45,5,Cleveland Cavaliers,current,2017.0,1.0,13.0,2017.0,9.0,True,active,espn-core-athlete,2026-09-21T01:15:56Z
3908845,John Collins,John,Collins,https://a.espncdn.com/i/headshots/nba/players/full/3908845.png,81.0,226.0,1997-09-23,West Palm Beach,FL,USA,Forward,F,,8,Detroit Pistons,current,2017.0,1.0,19.0,2017.0,9.0,True,active,espn-core-athlete,2026-09-21T01:15:56Z
3913174,Luke Kennard,Luke,Kennard,https://a.espncdn.com/i/headshots/nba/players/full/3913174.png,77.0,206.0,1996-06-24,Middletown,OH,USA,Guard,G,,21,Phoenix Suns,current,2017.0,1.0,12.0,2017.0,9.0,True,active,espn-core-athlete,2026-09-21T01:15:56Z
3913176,Brandon Ingram,Brandon,Ingram,https://a.espncdn.com/i/headshots/nba/players/full/3913176.png,80.0,190.0,1997-09-02,Kinston,NC,USA,Forward,F,3,12,LA Clippers,current,2016.0,1.0,2.0,2016.0,10.0,True,active,espn-core-athlete,2026-09-21T01:15:56Z
3914285,Drew Eubanks,Drew,Eubanks,https://a.espncdn.com/i/headshots/nba/players/full/3914285.png,82.0,245.0,1997-02-01,Troutdale,OR,USA,Forward,F,19,23,Sacramento Kings,last-known,,,,2018.0,8.0,False,free-agent,espn-core-athlete,2026-09-21T01:15:56Z
3915195,Shake Milton,Shake,Milton,https://a.espncdn.com/i/headshots/nba/players/full/3915195.png,77.0,205.0,1996-09-26,Owasso,OK,USA,Shooting Guard,SG,20,13,Los Angeles Lakers,last-known,2018.0,2.0,54.0,2018.0,6.0,False,inactive,espn-core-athlete,2026-09-21T01:15:56Z
3917376,Jaylen Brown,Jaylen,Brown,https://a.espncdn.com/i/headshots/nba/players/full/3917376.png,78.0,223.0,1996-10-24,Marietta,GA,USA,Guard,G,7,20,Philadelphia 76ers,current,2016.0,1.0,3.0,2016.0,10.0,True,active,espn-core-athlete,2026-09-21T01:15:56Z
3934672,Jalen Brunson,Jalen,Brunson,https://a.espncdn.com/i/headshots/nba/players/full/3934672.png,74.0,190.0,1996-08-31,New Brunswick,NJ,USA,Guard,G,11,18,New York Knicks,current,2018.0,2.0,33.0,2018.0,8.0,True,active,espn-core-athlete,2026-09-21T01:15:56Z
3934673,Donte DiVincenzo,Donte,DiVincenzo,https://a.espncdn.com/i/headshots/nba/players/full/3934673.png,76.0,203.0,1997-01-31,Newark,DE,USA,Guard,G,0,16,Minnesota Timberwolves,current,2018.0,1.0,17.0,2018.0,8.0,True,active,espn-core-athlete,2026-09-21T01:15:56Z
3934719,OG Anunoby,OG,Anunoby,https://a.espncdn.com/i/headshots/nba/players/full/3934719.png,79.0,240.0,1997-07-17,London,,England,Forward,F,8,18,New York Knicks,current,2017.0,1.0,23.0,2017.0,9.0,True,active,espn-core-athlete,2026-09-21T01:15:56Z
3934723,Thomas Bryant,Thomas,Bryant,https://a.espncdn.com/i/headshots/nba/players/full/3934723.png,81.0,248.0,1997-07-31,Rochester,NY,USA,Center,C,3,5,Cleveland Cavaliers,current,2017.0,2.0,42.0,2017.0,9.0,True,active,espn-core-athlete,2026-09-21T01:15:56Z
3936099,Derrick Jones Jr.,Derrick,Jones Jr.,https://a.espncdn.com/i/headshots/nba/players/full/3936099.png,78.0,210.0,1997-02-15,Chester,PA,USA,Forward,F,5,12,LA Clippers,current,,,,2016.0,10.0,True,active,espn-core-athlete,2026-09-21T01:15:56Z
3936299,Jamal Murray,Jamal,Murray,https://a.espncdn.com/i/headshots/nba/players/full/3936299.png,76.0,215.0,1997-02-23,Kitchener,ON,Canada,Guard,G,27,7,Denver Nuggets,current,2016.0,1.0,7.0,2016.0,10.0,True,active,espn-core-athlete,2026-09-21T01:15:56Z
3945274,Luka Doncic,Luka,Doncic,https://a.espncdn.com/i/headshots/nba/players/full/3945274.png,80.0,230.0,1999-02-28,Ljubljana,,Slovenia,Guard,G,77,13,Los Angeles Lakers,current,2018.0,1.0,3.0,2018.0,8.0,True,active,espn-core-athlete,2026-09-21T01:15:56Z
3948153,Chris Boucher,Chris,Boucher,https://a.espncdn.com/i/headshots/nba/players/full/3948153.png,80.0,200.0,1993-01-11,Montreal,PQ,Canada,Forward,F,99,26,Utah Jazz,last-known,,,,2017.0,8.0,False,free-agent,espn-core-athlete,2026-09-21T01:15:56Z
4017837,Ivica Zubac,Ivica,Zubac,https://a.espncdn.com/i/headshots/nba/players/full/4017837.png,84.0,240.0,1997-03-18,Mostar,,Bosnia & Herzegovina,Center,C,40,11,Indiana Pacers,current,2016.0,2.0,32.0,2016.0,10.0,True,active,espn-core-athlete,2026-09-21T01:15:56Z
4017844,Guerschon Yabusele,Guerschon,Yabusele,https://a.espncdn.com/i/headshots/nba/players/full/4017844.png,79.0,265.0,1995-12-17,Versailles,,France,Forward,F,28,4,Chicago Bulls,current,2016.0,1.0,16.0,2017.0,4.0,True,active,espn-core-athlete,2026-09-21T01:15:56Z
4065648,Jayson Tatum,Jayson,Tatum,https://a.espncdn.com/i/headshots/nba/players/full/4065648.png,80.0,210.0,1998-03-03,Saint Louis,MO,USA,Forward,F,0,2,Boston Celtics,current,2017.0,1.0,3.0,2017.0,9.0,True,active,espn-core-athlete,2026-09-21T01:15:56Z
4065654,Jonathan Isaac,Jonathan,Isaac,https://a.espncdn.com/i/headshots/nba/players/full/4065654.png,82.0,230.0,1997-10-03,Naples,FL,USA,Forward,F,1,19,Orlando Magic,current,2017.0,1.0,6.0,2017.0,9.0,True,active,espn-core-athlete,2026-09-21T01:15:56Z
4065670,Bruce Brown,Bruce,Brown,https://a.espncdn.com/i/headshots/nba/players/full/4065670.png,76.0,202.0,1996-08-15,Boston,MA,USA,Guard,G,11,7,Denver Nuggets,last-known,2018.0,2.0,42.0,2018.0,8.0,False,free-agent,espn-core-athlete,2026-09-21T01:15:56Z
4065697,Dennis Smith Jr.,Dennis,Smith Jr.,https://a.espncdn.com/i/headshots/nba/players/full/4065697.png,74.0,205.0,1997-11-25,Fayetteville,NC,USA,Point Guard,PG,8,6,Dallas Mavericks,last-known,2017.0,1.0,9.0,2017.0,7.0,False,free-agent,espn-core-athlete,2026-09-21T01:15:56Z
4065731,Jay Huff,Jay,Huff,https://a.espncdn.com/i/headshots/nba/players/full/4065731.png,85.0,240.0,1997-08-25,Durham,NC,USA,Center,C,32,11,Indiana Pacers,current,,,,,5.0,True,active,espn-core-athlete,2026-09-21T01:15:56Z
4065732,De'Andre Hunter,De'Andre,Hunter,https://a.espncdn.com/i/headshots/nba/players/full/4065732.png,79.0,221.0,1997-12-02,Philadelphia,PA,USA,Forward,F,15,23,Sacramento Kings,current,2019.0,1.0,4.0,2019.0,7.0,True,active,espn-core-athlete,2026-09-21T01:15:56Z
4065733,Ty Jerome,Ty,Jerome,https://a.espncdn.com/i/headshots/nba/players/full/4065733.png,77.0,195.0,1997-07-08,New Rochelle,NY,USA,Guard,G,2,29,Memphis Grizzlies,current,2019.0,1.0,24.0,2019.0,7.0,True,active,espn-core-athlete,2026-09-21T01:15:56Z
4065778,Max Strus,Max,Strus,https://a.espncdn.com/i/headshots/nba/players/full/4065778.png,77.0,215.0,1996-03-28,Hickory Hills,IL,USA,Guard,G,,12,LA Clippers,current,,,,2019.0,8.0,True,active,espn-core-athlete,2026-09-21T01:15:56Z
4065804,Sam Hauser,Sam,Hauser,https://a.espncdn.com/i/headshots/nba/players/full/4065804.png,79.0,217.0,1997-12-08,Stevens Point,WI,USA,Forward,F,30,2,Boston Celtics,current,,,,,5.0,True,active,espn-core-athlete,2026-09-21T01:15:56Z
4066211,Robert Williams III,Robert,Williams III,https://a.espncdn.com/i/headshots/nba/players/full/4066211.png,81.0,249.0,1997-10-17,Shreveport,LA,USA,Center,C,35,22,Portland Trail Blazers,current,2018.0,1.0,27.0,2018.0,8.0,True,active,espn-core-athlete,2026-09-21T01:15:56Z
4066218,Grant Williams,Grant,Williams,https://a.espncdn.com/i/headshots/nba/players/full/4066218.png,79.0,236.0,1998-11-30,Charlotte,NC,USA,Forward,F,2,30,Charlotte Hornets,current,2019.0,1.0,22.0,2019.0,7.0,True,active,espn-core-athlete,2026-09-21T01:15:56Z
4066259,De'Aaron Fox,De'Aaron,Fox,https://a.espncdn.com/i/headshots/nba/players/full/4066259.png,75.0,185.0,1997-12-20,Houston,TX,USA,Guard,G,4,24,San Antonio Spurs,current,2017.0,1.0,5.0,2017.0,9.0,True,active,espn-core-athlete,2026-09-21T01:15:56Z
4066261,Bam Adebayo,Bam,Adebayo,https://a.espncdn.com/i/headshots/nba/players/full/4066261.png,81.0,260.0,1997-07-18,Newark,NJ,USA,Center,C,13,14,Miami Heat,current,2017.0,1.0,14.0,2017.0,9.0,True,active,espn-core-athlete,2026-09-21T01:15:56Z
4066262,Malik Monk,Malik,Monk,https://a.espncdn.com/i/headshots/nba/players/full/4066262.png,75.0,200.0,1998-02-04,Lepanto,AR,USA,Guard,G,0,23,Sacramento Kings,current,2017.0,1.0,11.0,2017.0,9.0,True,active,espn-core-athlete,2026-09-21T01:15:56Z
4066268,Duop Reath,Duop,Reath,https://a.espncdn.com/i/headshots/nba/players/full/4066268.png,81.0,245.0,1996-06-26,Perth,WAS,Australia,Center,C,,21,Phoenix Suns,current,,,,,3.0,True,active,espn-core-athlete,2026-09-21T01:15:56Z
4066269,Skylar Mays,Skylar,Mays,https://a.espncdn.com/i/headshots/nba/players/full/4066269.png,76.0,205.0,1997-09-05,Baton Rouge,LA,USA,Point Guard,PG,13,16,Minnesota Timberwolves,last-known,2020.0,2.0,50.0,2020.0,4.0,False,inactive,espn-core-athlete,2026-09-21T01:15:56Z
4066320,Desmond Bane,Desmond,Bane,https://a.espncdn.com/i/headshots/nba/players/full/4066320.png,78.0,215.0,1998-06-25,Richmond,IN,USA,Guard,G,3,19,Orlando Magic,current,2020.0,1.0,30.0,2020.0,6.0,True,active,espn-core-athlete,2026-09-21T01:15:56Z
4066328,Jarrett Allen,Jarrett,Allen,https://a.espncdn.com/i/headshots/nba/players/full/4066328.png,81.0,243.0,1998-04-21,Round Rock,TX,USA,Center,C,31,5,Cleveland Cavaliers,current,2017.0,1.0,22.0,,9.0,True,active,espn-core-athlete,2026-09-21T01:15:56Z
4066336,Lauri Markkanen,Lauri,Markkanen,https://a.espncdn.com/i/headshots/nba/players/full/4066336.png,85.0,240.0,1997-05-22,Jyvaskyla,,Finland,Forward,F,23,26,Utah Jazz,current,2017.0,1.0,7.0,2017.0,9.0,True,active,espn-core-athlete,2026-09-21T01:15:56Z
4066354,Payton Pritchard,Payton,Pritchard,https://a.espncdn.com/i/headshots/nba/players/full/4066354.png,73.0,195.0,1998-01-28,West Linn,OR,USA,Guard,G,11,2,Boston Celtics,current,2020.0,1.0,26.0,2020.0,6.0,True,active,espn-core-athlete,2026-09-21T01:15:56Z
4066372,Kevin Huerter,Kevin,Huerter,https://a.espncdn.com/i/headshots/nba/players/full/4066372.png,78.0,198.0,1998-08-27,Albany,NY,USA,Guard,G,27,8,Detroit Pistons,current,2018.0,1.0,19.0,2018.0,8.0,True,active,espn-core-athlete,2026-09-21T01:15:56Z
4066383,Miles Bridges,Miles,Bridges,https://a.espncdn.com/i/headshots/nba/players/full/4066383.png,79.0,225.0,1998-03-21,Flint,MI,USA,Forward,F,,21,Phoenix Suns,current,2018.0,1.0,12.0,2018.0,7.0,True,active,espn-core-athlete,2026-09-21T01:15:56Z
4066421,Lonzo Ball,Lonzo,Ball,https://a.espncdn.com/i/headshots/nba/players/full/4066421.png,77.0,190.0,1997-10-27,Chino Hills,CA,USA,Guard,G,2,26,Utah Jazz,last-known,2017.0,1.0,2.0,2017.0,8.0,False,free-agent,espn-core-athlete,2026-09-21T01:15:56Z
4066436,De'Anthony Melton,De'Anthony,Melton,https://a.espncdn.com/i/headshots/nba/players/full/4066436.png,74.0,200.0,1998-05-28,North Hollywood,CA,USA,Guard,G,8,9,Golden State Warriors,current,2018.0,2.0,46.0,2018.0,8.0,True,active,espn-core-athlete,2026-09-21T01:15:56Z
4066457,Austin Reaves,Austin,Reaves,https://a.espncdn.com/i/headshots/nba/players/full/4066457.png,77.0,197.0,1998-05-29,Newark,AR,USA,Guard,G,15,13,Los Angeles Lakers,current,,,,,5.0,True,active,espn-core-athlete,2026-09-21T01:15:56Z
4066636,Markelle Fultz,Markelle,Fultz,https://a.espncdn.com/i/headshots/nba/players/full/4066636.png,76.0,209.0,1998-05-29,Upper Marlboro,MD,USA,Guard,G,20,28,Toronto Raptors,last-known,2017.0,1.0,1.0,2017.0,7.0,False,inactive,espn-core-athlete,2026-09-21T01:15:56Z
4066648,Rui Hachimura,Rui,Hachimura,https://a.espncdn.com/i/headshots/nba/players/full/4066648.png,80.0,230.0,1998-02-08,Toyama,,Japan,Forward,F,28,12,LA Clippers,current,2019.0,1.0,9.0,2019.0,7.0,True,active,espn-core-athlete,2026-09-21T01:15:56Z
4066650,Zach Collins,Zach,Collins,https://a.espncdn.com/i/headshots/nba/players/full/4066650.png,81.0,250.0,1997-11-19,Las Vegas,NV,USA,Forward,F,12,4,Chicago Bulls,current,2017.0,1.0,10.0,2017.0,9.0,True,active,espn-core-athlete,2026-09-21T01:15:56Z
4066731,Jalen McDaniels,Jalen,McDaniels,https://a.espncdn.com/i/headshots/nba/players/full/4066731.png,81.0,205.0,1998-01-31,Federal Way,WA,USA,Forward,F,00,3,New Orleans Pelicans,last-known,2019.0,2.0,52.0,2019.0,6.0,False,free-agent,espn-core-athlete,2026-09-21T01:15:56Z
4222252,Isaiah Hartenstein,Isaiah,Hartenstein,https://a.espncdn.com/i/headshots/nba/players/full/4222252.png,84.0,250.0,1998-05-05,Eugene,OR,USA,Center,C,55,25,Oklahoma City Thunder,current,2017.0,2.0,43.0,2018.0,8.0,True,active,espn-core-athlete,2026-09-21T01:15:56Z
4277811,Collin Sexton,Collin,Sexton,https://a.espncdn.com/i/headshots/nba/players/full/4277811.png,75.0,190.0,1999-01-04,Marietta,GA,USA,Guard,G,,13,Los Angeles Lakers,current,2018.0,1.0,8.0,2018.0,8.0,True,active,espn-core-athlete,2026-09-21T01:15:56Z
4277813,Herbert Jones,Herbert,Jones,https://a.espncdn.com/i/headshots/nba/players/full/4277813.png,79.0,206.0,1998-10-06,Greensboro,AL,USA,Forward,F,2,3,New Orleans Pelicans,current,2021.0,2.0,35.0,,5.0,True,active,espn-core-athlete,2026-09-21T01:15:56Z
4277843,Gary Trent Jr.,Gary,Trent Jr.,https://a.espncdn.com/i/headshots/nba/players/full/4277843.png,77.0,204.0,1999-01-18,Columbus,OH,USA,Guard,G,5,15,Milwaukee Bucks,current,2018.0,2.0,37.0,2018.0,8.0,True,active,espn-core-athlete,2026-09-21T01:15:56Z
4277847,Wendell Carter Jr.,Wendell,Carter Jr.,https://a.espncdn.com/i/headshots/nba/players/full/4277847.png,82.0,270.0,1999-04-16,Atlanta,GA,USA,Center,C,34,19,Orlando Magic,current,2018.0,1.0,7.0,2018.0,8.0,True,active,espn-core-athlete,2026-09-21T01:15:56Z
4277848,Marvin Bagley III,Marvin,Bagley III,https://a.espncdn.com/i/headshots/nba/players/full/4277848.png,82.0,235.0,1999-03-14,Phoenix,AZ,USA,Forward,F,35,7,Denver Nuggets,current,2018.0,1.0,2.0,2018.0,8.0,True,active,espn-core-athlete,2026-09-21T01:15:56Z
4277869,Jose Alvarado,Jose,Alvarado,https://a.espncdn.com/i/headshots/nba/players/full/4277869.png,72.0,179.0,1998-04-12,Brooklyn,NY,USA,Guard,G,5,18,New York Knicks,current,,,,,5.0,True,active,espn-core-athlete,2026-09-21T01:15:56Z
4277890,Lonnie Walker IV,Lonnie,Walker IV,https://a.espncdn.com/i/headshots/nba/players/full/4277890.png,76.0,205.0,1998-12-14,Reading,PA,USA,Guard,G,,7,Denver Nuggets,current,2018.0,1.0,18.0,2018.0,6.0,True,active,espn-core-athlete,2026-09-21T01:15:56Z
4277905,Trae Young,Trae,Young,https://a.espncdn.com/i/headshots/nba/players/full/4277905.png,74.0,164.0,1998-09-19,Lubbock,TX,USA,Guard,G,3,27,Washington Wizards,current,2018.0,1.0,5.0,2018.0,8.0,True,active,espn-core-athlete,2026-09-21T01:15:56Z
4277919,Mo Bamba,Mo,Bamba,https://a.espncdn.com/i/headshots/nba/players/full/4277919.png,84.0,231.0,1998-05-12,Harlem,NY,USA,Center,C,11,26,Utah Jazz,current,2018.0,1.0,6.0,2018.0,8.0,True,active,espn-core-athlete,2026-09-21T01:15:56Z
4277922,Jericho Sims,Jericho,Sims,https://a.espncdn.com/i/headshots/nba/players/full/4277922.png,82.0,250.0,1998-10-20,Minneapolis,MN,USA,Center,C,00,15,Milwaukee Bucks,current,2021.0,2.0,58.0,,5.0,True,active,espn-core-athlete,2026-09-21T01:15:56Z
4277956,Jordan Poole,Jordan,Poole,https://a.espncdn.com/i/headshots/nba/players/full/4277956.png,76.0,194.0,1999-06-19,Milwaukee,WI,USA,Guard,G,3,3,New Orleans Pelicans,current,2019.0,1.0,28.0,2019.0,7.0,True,active,espn-core-athlete,2026-09-21T01:15:56Z
4277961,Jaren Jackson Jr.,Jaren,Jackson Jr.,https://a.espncdn.com/i/headshots/nba/players/full/4277961.png,82.0,242.0,1999-09-15,Plainfield,NJ,USA,Forward,F,20,26,Utah Jazz,current,2018.0,1.0,4.0,2018.0,8.0,True,active,espn-core-athlete,2026-09-21T01:15:56Z
4277964,Xavier Tillman,Xavier,Tillman,https://a.espncdn.com/i/headshots/nba/players/full/4277964.png,80.0,245.0,1999-01-12,Grand Rapids,MI,USA,Forward,F,26,30,Charlotte Hornets,last-known,2020.0,2.0,35.0,2020.0,6.0,False,free-agent,espn-core-athlete,2026-09-21T01:15:56Z
4278039,Nickeil Alexander-Walker,Nickeil,Alexander-Walker,https://a.espncdn.com/i/headshots/nba/players/full/4278039.png,77.0,205.0,1998-09-02,Toronto,ON,Canada,Guard,G,7,1,Atlanta Hawks,current,2019.0,1.0,17.0,2019.0,7.0,True,active,espn-core-athlete,2026-09-21T01:15:56Z
4278049,Daniel Gafford,Daniel,Gafford,https://a.espncdn.com/i/headshots/nba/players/full/4278049.png,82.0,265.0,1998-10-01,El Dorado,AR,USA,Forward,F,21,6,Dallas Mavericks,current,2019.0,2.0,38.0,2019.0,7.0,True,active,espn-core-athlete,2026-09-21T01:15:56Z
4278053,Davion Mitchell,Davion,Mitchell,https://a.espncdn.com/i/headshots/nba/players/full/4278053.png,72.0,210.0,1998-09-05,Hinesville,GA,USA,Guard,G,45,14,Miami Heat,current,2021.0,1.0,9.0,,5.0,True,active,espn-core-athlete,2026-09-21T01:15:56Z
4278067,Nic Claxton,Nic,Claxton,https://a.espncdn.com/i/headshots/nba/players/full/4278067.png,83.0,215.0,1999-04-17,Greenville,SC,USA,Center,C,,4,Chicago Bulls,current,2019.0,2.0,31.0,2019.0,7.0,True,active,espn-core-athlete,2026-09-21T01:15:56Z
4278073,Shai Gilgeous-Alexander,Shai,Gilgeous-Alexander,https://a.espncdn.com/i/headshots/nba/players/full/4278073.png,78.0,195.0,1998-07-12,Toronto,ON,Canada,Guard,G,2,25,Oklahoma City Thunder,current,2018.0,1.0,11.0,2018.0,8.0,True,active,espn-core-athlete,2026-09-21T01:15:56Z
4278076,Nick Richards,Nick,Richards,https://a.espncdn.com/i/headshots/nba/players/full/4278076.png,83.0,245.0,1997-11-29,Kingston,,Jamaica,Center,C,8,14,Miami Heat,current,2020.0,2.0,42.0,2020.0,6.0,True,active,espn-core-athlete,2026-09-21T01:15:56Z
4278077,Jarred Vanderbilt,Jarred,Vanderbilt,https://a.espncdn.com/i/headshots/nba/players/full/4278077.png,80.0,214.0,1999-04-03,Houston,TX,USA,Forward,F,2,13,Los Angeles Lakers,current,2018.0,2.0,41.0,2018.0,8.0,True,active,espn-core-athlete,2026-09-21T01:15:56Z
4278078,P.J. Washington,P.J.,Washington,https://a.espncdn.com/i/headshots/nba/players/full/4278078.png,79.0,230.0,1998-08-23,Louisville,KY,USA,Forward,F,25,6,Dallas Mavericks,current,2019.0,1.0,12.0,2019.0,7.0,True,active,espn-core-athlete,2026-09-21T01:15:56Z
4278104,Michael Porter Jr.,Michael,Porter Jr.,https://a.espncdn.com/i/headshots/nba/players/full/4278104.png,82.0,218.0,1998-06-29,Columbia,MO,USA,Forward,F,17,17,Brooklyn Nets,current,2018.0,1.0,14.0,2019.0,7.0,True,active,espn-core-athlete,2026-09-21T01:15:56Z
4278129,Deandre Ayton,Deandre,Ayton,https://a.espncdn.com/i/headshots/nba/players/full/4278129.png,84.0,252.0,1998-07-23,Nassau,,Bahamas,Center,C,,27,Washington Wizards,current,2018.0,1.0,1.0,2018.0,8.0,True,active,espn-core-athlete,2026-09-21T01:15:56Z
4278355,Obi Toppin,Obi,Toppin,https://a.espncdn.com/i/headshots/nba/players/full/4278355.png,81.0,220.0,1998-03-04,Brooklyn,NY,USA,Forward,F,1,11,Indiana Pacers,current,2020.0,1.0,8.0,2020.0,6.0,True,active,espn-core-athlete,2026-09-21T01:15:56Z
4278541,Jaylen Nowell,Jaylen,Nowell,https://a.espncdn.com/i/headshots/nba/players/full/4278541.png,77.0,208.0,1999-07-09,Seattle,WA,USA,Guard,G,5,27,Washington Wizards,last-known,2019.0,2.0,43.0,2019.0,,False,inactive,espn-core-athlete,2026-09-21T01:15:56Z
4278562,Paul Reed,Paul,Reed,https://a.espncdn.com/i/headshots/nba/players/full/4278562.png,81.0,210.0,1999-06-14,Orlando,FL,USA,Forward,F,7,8,Detroit Pistons,current,2020.0,2.0,58.0,2020.0,6.0,True,active,espn-core-athlete,2026-09-21T01:15:56Z
4278585,Collin Gillespie,Collin,Gillespie,https://a.espncdn.com/i/headshots/nba/players/full/4278585.png,73.0,195.0,1999-06-25,Huntingdon Valley,PA,USA,Guard,G,12,21,Phoenix Suns,current,,,,,3.0,True,active,espn-core-athlete,2026-09-21T01:15:56Z
4278594,Naji Marshall,Naji,Marshall,https://a.espncdn.com/i/headshots/nba/players/full/4278594.png,78.0,220.0,1998-01-24,Atlantic City,NJ,USA,Forward,F,3,6,Dallas Mavericks,current,,,,2020.0,6.0,True,active,espn-core-athlete,2026-09-21T01:15:56Z
4279888,Ja Morant,Ja,Morant,https://a.espncdn.com/i/headshots/nba/players/full/4279888.png,74.0,174.0,1999-08-10,Dalzell,SC,USA,Guard,G,1,22,Portland Trail Blazers,current,2019.0,1.0,2.0,2019.0,7.0,True,active,espn-core-athlete,2026-09-21T01:15:56Z
4280151,Corey Kispert,Corey,Kispert,https://a.espncdn.com/i/headshots/nba/players/full/4280151.png,78.0,224.0,1999-03-03,Edmonds,WA,USA,Forward,F,24,1,Atlanta Hawks,current,2021.0,1.0,15.0,,5.0,True,active,espn-core-athlete,2026-09-21T01:15:56Z
4348700,Goga Bitadze,Goga,Bitadze,https://a.espncdn.com/i/headshots/nba/players/full/4348700.png,83.0,250.0,1999-07-20,Sagarejo,,Georgia,Center,C,35,19,Orlando Magic,current,2019.0,1.0,18.0,2019.0,7.0,True,active,espn-core-athlete,2026-09-21T01:15:56Z
4351851,Anfernee Simons,Anfernee,Simons,https://a.espncdn.com/i/headshots/nba/players/full/4351851.png,75.0,200.0,1999-06-08,Altamonte Springs,FL,USA,Guard,G,5,20,Philadelphia 76ers,current,2018.0,1.0,24.0,2018.0,8.0,True,active,espn-core-athlete,2026-09-21T01:15:56Z
4351852,Mitchell Robinson,Mitchell,Robinson,https://a.espncdn.com/i/headshots/nba/players/full/4351852.png,84.0,240.0,1998-04-01,Pensacola,FL,USA,Center,C,4,2,Boston Celtics,current,2018.0,2.0,36.0,2018.0,8.0,True,active,espn-core-athlete,2026-09-21T01:15:56Z
4395625,RJ Barrett,RJ,Barrett,https://a.espncdn.com/i/headshots/nba/players/full/4395625.png,78.0,214.0,2000-06-14,Toronto,ON,Canada,Forward,F,9,28,Toronto Raptors,current,2019.0,1.0,3.0,2019.0,7.0,True,active,espn-core-athlete,2026-09-21T01:15:56Z
4395626,Tre Jones,Tre,Jones,https://a.espncdn.com/i/headshots/nba/players/full/4395626.png,73.0,185.0,2000-01-08,Apple Valley,MN,USA,Guard,G,30,4,Chicago Bulls,current,2020.0,2.0,41.0,2020.0,6.0,True,active,espn-core-athlete,2026-09-21T01:15:56Z
4395627,Cam Reddish,Cam,Reddish,https://a.espncdn.com/i/headshots/nba/players/full/4395627.png,79.0,217.0,1999-09-01,Norristown,PA,USA,Small Forward,SF,5,13,Los Angeles Lakers,last-known,2019.0,1.0,10.0,2019.0,5.0,False,free-agent,espn-core-athlete,2026-09-21T01:15:56Z
4395628,Zion Williamson,Zion,Williamson,https://a.espncdn.com/i/headshots/nba/players/full/4395628.png,78.0,284.0,2000-07-06,Salisbury,NC,USA,Forward,F,1,3,New Orleans Pelicans,current,2019.0,1.0,1.0,2019.0,7.0,True,active,espn-core-athlete,2026-09-21T01:15:56Z
4395630,Devin Vassell,Devin,Vassell,https://a.espncdn.com/i/headshots/nba/players/full/4395630.png,77.0,200.0,2000-08-23,Suwanee,GA,USA,Guard,G,24,24,San Antonio Spurs,current,2020.0,1.0,11.0,2020.0,6.0,True,active,espn-core-athlete,2026-09-21T01:15:56Z
4395651,Coby White,Coby,White,https://a.espncdn.com/i/headshots/nba/players/full/4395651.png,76.0,195.0,2000-02-16,Goldsboro,NC,USA,Guard,G,3,30,Charlotte Hornets,current,2019.0,1.0,7.0,2019.0,7.0,True,active,espn-core-athlete,2026-09-21T01:15:56Z
4395702,Isaiah Joe,Isaiah,Joe,https://a.espncdn.com/i/headshots/nba/players/full/4395702.png,76.0,165.0,1999-07-02,Fort Smith,AR,USA,Guard,G,,8,Detroit Pistons,current,2020.0,2.0,49.0,2020.0,6.0,True,active,espn-core-athlete,2026-09-21T01:15:56Z
4395712,Andrew Nembhard,Andrew,Nembhard,https://a.espncdn.com/i/headshots/nba/players/full/4395712.png,76.0,191.0,2000-01-16,Aurora,ON,Canada,Guard,G,2,11,Indiana Pacers,current,2022.0,2.0,31.0,,4.0,True,active,espn-core-athlete,2026-09-21T01:15:56Z
4395723,Keldon Johnson,Keldon,Johnson,https://a.espncdn.com/i/headshots/nba/players/full/4395723.png,77.0,220.0,1999-10-11,South Hill,VA,USA,Forward,F,3,24,San Antonio Spurs,current,2019.0,1.0,29.0,2019.0,7.0,True,active,espn-core-athlete,2026-09-21T01:15:56Z
4395724,Immanuel Quickley,Immanuel,Quickley,https://a.espncdn.com/i/headshots/nba/players/full/4395724.png,74.0,190.0,1999-06-17,Havre De Grace,MD,USA,Guard,G,5,28,Toronto Raptors,current,2020.0,1.0,25.0,2020.0,6.0,True,active,espn-core-athlete,2026-09-21T01:15:56Z
4395725,Tyler Herro,Tyler,Herro,https://a.espncdn.com/i/headshots/nba/players/full/4395725.png,77.0,205.0,2000-01-20,Milwaukee,WI,USA,Guard,G,14,15,Milwaukee Bucks,current,2019.0,1.0,13.0,2019.0,7.0,True,active,espn-core-athlete,2026-09-21T01:15:56Z
4396907,Darius Garland,Darius,Garland,https://a.espncdn.com/i/headshots/nba/players/full/4396907.png,73.0,192.0,2000-01-26,Gary,IN,USA,Guard,G,10,12,LA Clippers,current,2019.0,1.0,5.0,2019.0,7.0,True,active,espn-core-athlete,2026-09-21T01:15:56Z
4396909,Aaron Nesmith,Aaron,Nesmith,https://a.espncdn.com/i/headshots/nba/players/full/4396909.png,77.0,215.0,1999-10-16,Charleston,SC,USA,Guard,G,23,11,Indiana Pacers,current,2020.0,1.0,14.0,2020.0,6.0,True,active,espn-core-athlete,2026-09-21T01:15:56Z
4396971,Naz Reid,Naz,Reid,https://a.espncdn.com/i/headshots/nba/players/full/4396971.png,81.0,264.0,1999-08-26,Asbury Park,NJ,USA,Center,C,,30,Charlotte Hornets,current,,,,2019.0,7.0,True,active,espn-core-athlete,2026-09-21T01:15:56Z
4396991,Talen Horton-Tucker,Talen,Horton-Tucker,https://a.espncdn.com/i/headshots/nba/players/full/4396991.png,76.0,234.0,2000-11-25,Chicago,IL,USA,Small Forward,SF,22,4,Chicago Bulls,last-known,2019.0,2.0,46.0,2019.0,5.0,False,free-agent,espn-core-athlete,2026-09-21T01:15:56Z
4396993,Tyrese Haliburton,Tyrese,Haliburton,https://a.espncdn.com/i/headshots/nba/players/full/4396993.png,77.0,185.0,2000-02-29,Oshkosh,WI,USA,Guard,G,0,11,Indiana Pacers,current,2020.0,1.0,12.0,2020.0,5.0,True,active,espn-core-athlete,2026-09-21T01:15:56Z
4397002,Ayo Dosunmu,Ayo,Dosunmu,https://a.espncdn.com/i/headshots/nba/players/full/4397002.png,76.0,200.0,2000-01-17,Chicago,IL,USA,Guard,G,13,16,Minnesota Timberwolves,current,2021.0,2.0,38.0,,5.0,True,active,espn-core-athlete,2026-09-21T01:15:56Z
4397014,Quentin Grimes,Quentin,Grimes,https://a.espncdn.com/i/headshots/nba/players/full/4397014.png,76.0,210.0,2000-05-08,The Woodlands,TX,USA,Guard,G,,13,Los Angeles Lakers,current,2021.0,1.0,25.0,,5.0,True,active,espn-core-athlete,2026-09-21T01:15:56Z
4397018,Ochai Agbaji,Ochai,Agbaji,https://a.espncdn.com/i/headshots/nba/players/full/4397018.png,77.0,215.0,2000-04-20,Kansas City,MO,USA,Guard,G,30,17,Brooklyn Nets,last-known,2022.0,1.0,14.0,,3.0,False,free-agent,espn-core-athlete,2026-09-21T01:15:56Z
4397020,Luguentz Dort,Luguentz,Dort,https://a.espncdn.com/i/headshots/nba/players/full/4397020.png,76.0,220.0,1999-04-19,Montreal,PQ,Canada,Guard,G,0,1,Atlanta Hawks,current,,,,2019.0,7.0,True,active,espn-core-athlete,2026-09-21T01:15:56Z
4397040,Brandon Williams,Brandon,Williams,https://a.espncdn.com/i/headshots/nba/players/full/4397040.png,73.0,190.0,1999-11-22,Los Angeles,CA,USA,Guard,G,10,6,Dallas Mavericks,last-known,,,,,4.0,False,free-agent,espn-core-athlete,2026-09-21T01:15:56Z
4397102,Bol Bol,Bol,Bol,https://a.espncdn.com/i/headshots/nba/players/full/4397102.png,87.0,220.0,1999-11-16,Khartoum,,Sudan,Center,C,11,21,Phoenix Suns,last-known,2019.0,2.0,44.0,2020.0,5.0,False,free-agent,espn-core-athlete,2026-09-21T01:15:56Z
4397136,Saddiq Bey,Saddiq,Bey,https://a.espncdn.com/i/headshots/nba/players/full/4397136.png,80.0,215.0,1999-04-09,Largo,MD,USA,Guard,G,41,3,New Orleans Pelicans,current,2020.0,1.0,19.0,2020.0,6.0,True,active,espn-core-athlete,2026-09-21T01:15:56Z
4397140,Kevin Porter Jr.,Kevin,Porter Jr.,https://a.espncdn.com/i/headshots/nba/players/full/4397140.png,77.0,203.0,2000-05-04,Seattle,WA,USA,Guard,G,7,15,Milwaukee Bucks,current,2019.0,1.0,30.0,2019.0,6.0,True,active,espn-core-athlete,2026-09-21T01:15:56Z
4397189,Jalen Smith,Jalen,Smith,https://a.espncdn.com/i/headshots/nba/players/full/4397189.png,80.0,215.0,2000-03-16,Baltimore,MD,USA,Forward,F,25,4,Chicago Bulls,current,2020.0,1.0,10.0,2020.0,6.0,True,active,espn-core-athlete,2026-09-21T01:15:56Z
4397227,Vince Williams Jr.,Vince,Williams Jr.,https://a.espncdn.com/i/headshots/nba/players/full/4397227.png,76.0,205.0,2000-08-30,Toledo,OH,USA,Guard,G,0,26,Utah Jazz,last-known,2022.0,2.0,47.0,,3.0,False,free-agent,espn-core-athlete,2026-09-21T01:15:56Z
4397424,Neemias Queta,Neemias,Queta,https://a.espncdn.com/i/headshots/nba/players/full/4397424.png,84.0,248.0,1999-07-13,Barreiro,,Portugal,Center,C,88,2,Boston Celtics,current,2021.0,2.0,39.0,,5.0,True,active,espn-core-athlete,2026-09-21T01:15:56Z
4397688,Trey Murphy III,Trey,Murphy III,https://a.espncdn.com/i/headshots/nba/players/full/4397688.png,80.0,206.0,2000-06-18,Durham,NC,USA,Forward,F,25,3,New Orleans Pelicans,current,2021.0,1.0,17.0,,5.0,True,active,espn-core-athlete,2026-09-21T01:15:56Z
4397885,Dalano Banton,Dalano,Banton,https://a.espncdn.com/i/headshots/nba/players/full/4397885.png,80.0,203.0,1999-11-07,Toronto,ON,Canada,Forward,F,45,2,Boston Celtics,last-known,2021.0,2.0,46.0,,5.0,False,free-agent,espn-core-athlete,2026-09-21T01:15:56Z
4397886,Charles Bassey,Charles,Bassey,https://a.espncdn.com/i/headshots/nba/players/full/4397886.png,82.0,230.0,2000-10-28,Lagos,,Nigeria,Center,C,28,9,Golden State Warriors,current,2021.0,2.0,53.0,,5.0,True,active,espn-core-athlete,2026-09-21T01:15:56Z
4431671,Jaden McDaniels,Jaden,McDaniels,https://a.espncdn.com/i/headshots/nba/players/full/4431671.png,81.0,185.0,2000-09-29,Seattle,WA,USA,Forward,F,3,16,Minnesota Timberwolves,current,2020.0,1.0,28.0,2020.0,6.0,True,active,espn-core-athlete,2026-09-21T01:15:56Z
4431675,Trendon Watford,Trendon,Watford,https://a.espncdn.com/i/headshots/nba/players/full/4431675.png,80.0,237.0,2000-11-09,Birmingham,AL,USA,Forward,F,,3,New Orleans Pelicans,current,,,,,5.0,True,active,espn-core-athlete,2026-09-21T01:15:56Z
4431678,Tyrese Maxey,Tyrese,Maxey,https://a.espncdn.com/i/headshots/nba/players/full/4431678.png,74.0,200.0,2000-11-04,Garland,TX,USA,Guard,G,0,20,Philadelphia 76ers,current,2020.0,1.0,21.0,2020.0,6.0,True,active,espn-core-athlete,2026-09-21T01:15:56Z
4431679,Precious Achiuwa,Precious,Achiuwa,https://a.espncdn.com/i/headshots/nba/players/full/4431679.png,80.0,243.0,1999-09-19,Queens,NY,USA,Power Forward,PF,9,23,Sacramento Kings,current,2020.0,1.0,20.0,2020.0,6.0,True,active,espn-core-athlete,2026-09-21T01:15:56Z
4431680,Onyeka Okongwu,Onyeka,Okongwu,https://a.espncdn.com/i/headshots/nba/players/full/4431680.png,82.0,240.0,2000-12-11,Chino,CA,USA,Forward,F,17,1,Atlanta Hawks,current,2020.0,1.0,6.0,2020.0,6.0,True,active,espn-core-athlete,2026-09-21T01:15:56Z
4431684,Trayce Jackson-Davis,Trayce,Jackson-Davis,https://a.espncdn.com/i/headshots/nba/players/full/4431684.png,81.0,245.0,2000-02-22,Greenwood,IN,USA,Forward,F,32,28,Toronto Raptors,current,2023.0,2.0,57.0,,3.0,True,active,espn-core-athlete,2026-09-21T01:15:56Z
4431687,Patrick Williams,Patrick,Williams,https://a.espncdn.com/i/headshots/nba/players/full/4431687.png,78.0,215.0,2001-08-26,Charlotte,NC,USA,Forward,F,44,4,Chicago Bulls,current,2020.0,1.0,4.0,2020.0,6.0,True,active,espn-core-athlete,2026-09-21T01:15:56Z
4431699,Kai Jones,Kai,Jones,https://a.espncdn.com/i/headshots/nba/players/full/4431699.png,83.0,221.0,2001-01-19,Nassau,,Bahamas,Power Forward,PF,23,6,Dallas Mavericks,last-known,2021.0,1.0,19.0,,3.0,False,free-agent,espn-core-athlete,2026-09-21T01:15:56Z
4431736,Toumani Camara,Toumani,Camara,https://a.espncdn.com/i/headshots/nba/players/full/4431736.png,79.0,230.0,2000-05-08,Brussels,,Belgium,Forward,F,33,22,Portland Trail Blazers,current,2023.0,2.0,52.0,,3.0,True,active,espn-core-athlete,2026-09-21T01:15:56Z
4431767,Christian Braun,Christian,Braun,https://a.espncdn.com/i/headshots/nba/players/full/4431767.png,78.0,220.0,2001-04-17,Burlington,KS,USA,Guard,G,0,7,Denver Nuggets,current,2022.0,1.0,21.0,,4.0,True,active,espn-core-athlete,2026-09-21T01:15:56Z
4431785,Scotty Pippen Jr.,Scotty,Pippen Jr.,https://a.espncdn.com/i/headshots/nba/players/full/4431785.png,74.0,170.0,2000-11-10,Los Angeles,CA,USA,Guard,G,1,29,Memphis Grizzlies,current,,,,,4.0,True,active,espn-core-athlete,2026-09-21T01:15:56Z
4431823,Miles McBride,Miles,McBride,https://a.espncdn.com/i/headshots/nba/players/full/4431823.png,74.0,195.0,2000-09-08,Cincinnati,OH,USA,Guard,G,2,18,New York Knicks,current,2021.0,2.0,36.0,,5.0,True,active,espn-core-athlete,2026-09-21T01:15:56Z
4431828,KJ Martin,KJ,Martin,https://a.espncdn.com/i/headshots/nba/players/full/4431828.png,78.0,215.0,2001-01-06,West Hills,CA,USA,Forward,F,99,26,Utah Jazz,last-known,2020.0,2.0,52.0,2020.0,4.0,False,inactive,espn-core-athlete,2026-09-21T01:15:56Z
4432107,Marcus Sasser,Marcus,Sasser,https://a.espncdn.com/i/headshots/nba/players/full/4432107.png,73.0,195.0,2000-09-21,Dallas,TX,USA,Guard,G,25,6,Dallas Mavericks,current,2023.0,1.0,25.0,,3.0,True,active,espn-core-athlete,2026-09-21T01:15:56Z
4432158,Evan Mobley,Evan,Mobley,https://a.espncdn.com/i/headshots/nba/players/full/4432158.png,83.0,215.0,2001-06-18,Murrieta,CA,USA,Center,C,4,5,Cleveland Cavaliers,current,2021.0,1.0,3.0,,5.0,True,active,espn-core-athlete,2026-09-21T01:15:56Z
4432162,Brandon Boston Jr.,Brandon,Boston Jr.,https://a.espncdn.com/i/headshots/nba/players/full/4432162.png,78.0,188.0,2001-11-28,Norcross,GA,USA,Shooting Guard,SG,11,3,New Orleans Pelicans,last-known,2021.0,2.0,51.0,,3.0,False,free-agent,espn-core-athlete,2026-09-21T01:15:56Z
4432165,Jalen Suggs,Jalen,Suggs,https://a.espncdn.com/i/headshots/nba/players/full/4432165.png,77.0,205.0,2001-06-03,Saint Paul,MN,USA,Guard,G,4,19,Orlando Magic,current,2021.0,1.0,5.0,,5.0,True,active,espn-core-athlete,2026-09-21T01:15:56Z
4432166,Cade Cunningham,Cade,Cunningham,https://a.espncdn.com/i/headshots/nba/players/full/4432166.png,78.0,220.0,2001-09-25,Arlington,TX,USA,Guard,G,2,8,Detroit Pistons,current,2021.0,1.0,1.0,,5.0,True,active,espn-core-athlete,2026-09-21T01:15:56Z
4432171,Moses Moody,Moses,Moody,https://a.espncdn.com/i/headshots/nba/players/full/4432171.png,77.0,211.0,2002-05-31,Little Rock,AR,USA,Guard,G,4,9,Golden State Warriors,current,2021.0,1.0,14.0,,5.0,True,active,espn-core-athlete,2026-09-21T01:15:56Z
4432174,Cam Thomas,Cam,Thomas,https://a.espncdn.com/i/headshots/nba/players/full/4432174.png,75.0,210.0,2001-10-13,Chesapeake,VA,USA,Guard,G,24,15,Milwaukee Bucks,last-known,2021.0,1.0,27.0,,4.0,False,free-agent,espn-core-athlete,2026-09-21T01:15:56Z
4432192,Keon Johnson,Keon,Johnson,https://a.espncdn.com/i/headshots/nba/players/full/4432192.png,77.0,185.0,2002-03-10,Shelbyville,TN,USA,Guard,G,45,17,Brooklyn Nets,last-known,2021.0,1.0,21.0,,3.0,False,free-agent,espn-core-athlete,2026-09-21T01:15:56Z
4432573,Paolo Banchero,Paolo,Banchero,https://a.espncdn.com/i/headshots/nba/players/full/4432573.png,82.0,250.0,2002-11-12,Seattle,WA,USA,Forward,F,5,19,Orlando Magic,current,2022.0,1.0,1.0,,4.0,True,active,espn-core-athlete,2026-09-21T01:15:56Z
4432582,Max Christie,Max,Christie,https://a.espncdn.com/i/headshots/nba/players/full/4432582.png,77.0,190.0,2003-02-10,Arlington Heights,IL,USA,Guard,G,00,6,Dallas Mavericks,current,2022.0,2.0,35.0,,4.0,True,active,espn-core-athlete,2026-09-21T01:15:56Z
4432639,Jabari Smith Jr.,Jabari,Smith Jr.,https://a.espncdn.com/i/headshots/nba/players/full/4432639.png,83.0,220.0,2003-05-13,Fayetteville,GA,USA,Forward,F,10,10,Houston Rockets,current,2022.0,1.0,3.0,,4.0,True,active,espn-core-athlete,2026-09-21T01:15:56Z
4432646,Kennedy Chandler,Kennedy,Chandler,https://a.espncdn.com/i/headshots/nba/players/full/4432646.png,71.0,170.0,2002-09-16,Memphis,TN,USA,Guard,G,0,26,Utah Jazz,last-known,2022.0,2.0,38.0,,1.0,False,free-agent,espn-core-athlete,2026-09-21T01:15:56Z
4432808,James Wiseman,James,Wiseman,https://a.espncdn.com/i/headshots/nba/players/full/4432808.png,83.0,240.0,2001-03-31,Nashville,TN,USA,Center,C,11,11,Indiana Pacers,last-known,2020.0,1.0,2.0,2020.0,5.0,False,free-agent,espn-core-athlete,2026-09-21T01:15:56Z
4432809,Cole Anthony,Cole,Anthony,https://a.espncdn.com/i/headshots/nba/players/full/4432809.png,74.0,185.0,2000-05-15,New York,NY,USA,Guard,G,50,21,Phoenix Suns,last-known,2020.0,1.0,15.0,2020.0,5.0,False,free-agent,espn-core-athlete,2026-09-21T01:15:56Z
4432810,Isaiah Stewart,Isaiah,Stewart,https://a.espncdn.com/i/headshots/nba/players/full/4432810.png,80.0,250.0,2001-05-22,Rochester,NY,USA,Forward,F,,29,Memphis Grizzlies,current,2020.0,1.0,16.0,2020.0,6.0,True,active,espn-core-athlete,2026-09-21T01:15:56Z
4432811,Josh Green,Josh,Green,https://a.espncdn.com/i/headshots/nba/players/full/4432811.png,78.0,200.0,2000-11-16,Sydney,NSW,Australia,Guard,G,,26,Utah Jazz,current,2020.0,1.0,18.0,2020.0,6.0,True,active,espn-core-athlete,2026-09-21T01:15:56Z
4432816,LaMelo Ball,LaMelo,Ball,https://a.espncdn.com/i/headshots/nba/players/full/4432816.png,79.0,180.0,2001-08-22,Chino Hills,CA,USA,Guard,G,,16,Minnesota Timberwolves,current,2020.0,1.0,3.0,2020.0,6.0,True,active,espn-core-athlete,2026-09-21T01:15:56Z
4432819,Tre Mann,Tre,Mann,https://a.espncdn.com/i/headshots/nba/players/full/4432819.png,76.0,178.0,2001-02-03,Gainesville,FL,USA,Guard,G,,27,Washington Wizards,current,2021.0,1.0,18.0,,6.0,True,active,espn-core-athlete,2026-09-21T01:15:56Z
4432822,Isaac Okoro,Isaac,Okoro,https://a.espncdn.com/i/headshots/nba/players/full/4432822.png,76.0,225.0,2001-01-26,Powder Springs,GA,USA,Forward,F,35,4,Chicago Bulls,current,2020.0,1.0,5.0,2020.0,6.0,True,active,espn-core-athlete,2026-09-21T01:15:56Z
4432848,Jaime Jaquez Jr.,Jaime,Jaquez Jr.,https://a.espncdn.com/i/headshots/nba/players/full/4432848.png,78.0,230.0,2001-02-18,Camarillo,CA,USA,Forward,F,11,15,Milwaukee Bucks,current,2023.0,1.0,18.0,,3.0,True,active,espn-core-athlete,2026-09-21T01:15:56Z
4432907,Justin Champagnie,Justin,Champagnie,https://a.espncdn.com/i/headshots/nba/players/full/4432907.png,78.0,206.0,2001-06-29,Brooklyn,NY,USA,Forward,F,9,27,Washington Wizards,current,,,,,5.0,True,active,espn-core-athlete,2026-09-21T01:15:56Z
4433083,Cam Spencer,Cam,Spencer,https://a.espncdn.com/i/headshots/nba/players/full/4433083.png,75.0,205.0,2000-04-06,Davidsonville,MD,USA,Guard,G,24,29,Memphis Grizzlies,current,2024.0,2.0,53.0,,2.0,True,active,espn-core-athlete,2026-09-21T01:15:56Z
4433134,Scottie Barnes,Scottie,Barnes,https://a.espncdn.com/i/headshots/nba/players/full/4433134.png,80.0,237.0,2001-08-01,West Palm Beach,FL,USA,Forward,F,4,28,Toronto Raptors,current,2021.0,1.0,4.0,,5.0,True,active,espn-core-athlete,2026-09-21T01:15:56Z
4433136,Walker Kessler,Walker,Kessler,https://a.espncdn.com/i/headshots/nba/players/full/4433136.png,86.0,245.0,2001-07-26,Newnan,GA,USA,Center,C,,13,Los Angeles Lakers,current,2022.0,1.0,22.0,,4.0,True,active,espn-core-athlete,2026-09-21T01:15:56Z
4433192,Tari Eason,Tari,Eason,https://a.espncdn.com/i/headshots/nba/players/full/4433192.png,80.0,215.0,2001-05-10,Los Angeles,CA,USA,Forward,F,17,10,Houston Rockets,current,2022.0,1.0,17.0,,4.0,True,active,espn-core-athlete,2026-09-21T01:15:56Z
4433218,Jaden Ivey,Jaden,Ivey,https://a.espncdn.com/i/headshots/nba/players/full/4433218.png,75.0,195.0,2002-02-13,South Bend,IN,USA,Guard,G,31,4,Chicago Bulls,last-known,2022.0,1.0,5.0,,3.0,False,free-agent,espn-core-athlete,2026-09-21T01:15:56Z
4433247,Jonathan Kuminga,Jonathan,Kuminga,https://a.espncdn.com/i/headshots/nba/players/full/4433247.png,79.0,225.0,2002-10-06,Goma,,Democratic Republic of Congo,Forward,F,,16,Minnesota Timberwolves,current,2021.0,1.0,7.0,,4.0,True,active,espn-core-athlete,2026-09-21T01:15:56Z
4433249,Moussa Diabate,Moussa,Diabate,https://a.espncdn.com/i/headshots/nba/players/full/4433249.png,82.0,210.0,2002-01-21,Paris,,France,Forward,F,14,30,Charlotte Hornets,current,2022.0,2.0,43.0,,4.0,True,active,espn-core-athlete,2026-09-21T01:15:56Z
4433255,Chet Holmgren,Chet,Holmgren,https://a.espncdn.com/i/headshots/nba/players/full/4433255.png,85.0,208.0,2002-05-01,Minneapolis,MN,USA,Center,C,7,25,Oklahoma City Thunder,current,2022.0,1.0,2.0,,3.0,True,active,espn-core-athlete,2026-09-21T01:15:56Z
4433287,Brandon Miller,Brandon,Miller,https://a.espncdn.com/i/headshots/nba/players/full/4433287.png,79.0,200.0,2002-11-22,Antioch,TN,USA,Forward,F,24,30,Charlotte Hornets,current,2023.0,1.0,2.0,,3.0,True,active,espn-core-athlete,2026-09-21T01:15:56Z
4433621,Jalen Duren,Jalen,Duren,https://a.espncdn.com/i/headshots/nba/players/full/4433621.png,82.0,250.0,2003-11-18,Sharon Hill,PA,USA,Center,C,0,8,Detroit Pistons,current,2022.0,1.0,13.0,,4.0,True,active,espn-core-athlete,2026-09-21T01:15:56Z
4433627,Keyonte George,Keyonte,George,https://a.espncdn.com/i/headshots/nba/players/full/4433627.png,76.0,185.0,2003-11-08,Lewisville,TX,USA,Guard,G,3,26,Utah Jazz,current,2023.0,1.0,16.0,,3.0,True,active,espn-core-athlete,2026-09-21T01:15:56Z
4433629,Ryan Nembhard,Ryan,Nembhard,https://a.espncdn.com/i/headshots/nba/players/full/4433629.png,71.0,180.0,2003-03-10,Aurora,ON,Canada,Guard,G,19,1,Atlanta Hawks,current,,,,,1.0,True,active,espn-core-athlete,2026-09-21T01:15:56Z
4437244,Jalen Green,Jalen,Green,https://a.espncdn.com/i/headshots/nba/players/full/4437244.png,76.0,186.0,2002-02-09,Merced,CA,USA,Guard,G,4,21,Phoenix Suns,current,2021.0,1.0,2.0,,5.0,True,active,espn-core-athlete,2026-09-21T01:15:56Z
4565201,Malaki Branham,Malaki,Branham,https://a.espncdn.com/i/headshots/nba/players/full/4565201.png,76.0,180.0,2003-05-12,Columbus,OH,USA,Forward,F,12,19,Orlando Magic,current,2022.0,1.0,20.0,,4.0,True,active,espn-core-athlete,2026-09-21T01:15:56Z
4566434,Franz Wagner,Franz,Wagner,https://a.espncdn.com/i/headshots/nba/players/full/4566434.png,82.0,220.0,2001-08-27,Berlin,,Germany,Forward,F,22,19,Orlando Magic,current,2021.0,1.0,8.0,,5.0,True,active,espn-core-athlete,2026-09-21T01:15:56Z
4576060,Ryan Kalkbrenner,Ryan,Kalkbrenner,https://a.espncdn.com/i/headshots/nba/players/full/4576060.png,85.0,256.0,2002-01-17,Florissant,MO,USA,Center,C,11,30,Charlotte Hornets,current,2025.0,2.0,34.0,,1.0,True,active,espn-core-athlete,2026-09-21T01:15:56Z
4576087,Peyton Watson,Peyton,Watson,https://a.espncdn.com/i/headshots/nba/players/full/4576087.png,80.0,200.0,2002-09-11,Long Beach,CA,USA,Guard,G,,5,Cleveland Cavaliers,current,2022.0,1.0,30.0,,5.0,True,active,espn-core-athlete,2026-09-21T01:15:56Z
4591725,Ryan Rollins,Ryan,Rollins,https://a.espncdn.com/i/headshots/nba/players/full/4591725.png,75.0,180.0,2002-07-03,Macomb,MI,USA,Guard,G,13,15,Milwaukee Bucks,current,2022.0,2.0,44.0,,4.0,True,active,espn-core-athlete,2026-09-21T01:15:56Z
4592479,Julian Champagnie,Julian,Champagnie,https://a.espncdn.com/i/headshots/nba/players/full/4592479.png,79.0,217.0,2001-06-29,Brooklyn,NY,USA,Forward,F,30,24,San Antonio Spurs,current,,,,,4.0,True,active,espn-core-athlete,2026-09-21T01:15:56Z
4592492,Bones Hyland,Bones,Hyland,https://a.espncdn.com/i/headshots/nba/players/full/4592492.png,74.0,169.0,2000-09-14,Wilmington,DE,USA,Guard,G,8,16,Minnesota Timberwolves,current,2021.0,1.0,26.0,,5.0,True,active,espn-core-athlete,2026-09-21T01:15:56Z
4592691,Jake LaRavia,Jake,LaRavia,https://a.espncdn.com/i/headshots/nba/players/full/4592691.png,79.0,235.0,2001-11-03,Indianapolis,IN,USA,Forward,F,12,13,Los Angeles Lakers,current,2022.0,1.0,19.0,,4.0,True,active,espn-core-athlete,2026-09-21T01:15:56Z
4593125,Santi Aldama,Santi,Aldama,https://a.espncdn.com/i/headshots/nba/players/full/4593125.png,84.0,215.0,2001-01-10,Las Palmas De Gas,,Spain,Forward,F,,6,Dallas Mavericks,current,2021.0,1.0,30.0,,5.0,True,active,espn-core-athlete,2026-09-21T01:15:56Z
4593803,Jalen Williams,Jalen,Williams,https://a.espncdn.com/i/headshots/nba/players/full/4593803.png,77.0,211.0,2001-04-14,Gilbert,AZ,USA,Guard,G,8,25,Oklahoma City Thunder,current,2022.0,1.0,12.0,,4.0,True,active,espn-core-athlete,2026-09-21T01:15:56Z
4594268,Anthony Edwards,Anthony,Edwards,https://a.espncdn.com/i/headshots/nba/players/full/4594268.png,76.0,225.0,2001-08-05,Atlanta,GA,USA,Guard,G,5,16,Minnesota Timberwolves,current,2020.0,1.0,1.0,2020.0,6.0,True,active,espn-core-athlete,2026-09-21T01:15:56Z
4594327,Keegan Murray,Keegan,Murray,https://a.espncdn.com/i/headshots/nba/players/full/4594327.png,80.0,225.0,2000-08-19,Cedar Rapids,IA,USA,Forward,F,13,23,Sacramento Kings,current,2022.0,1.0,4.0,,4.0,True,active,espn-core-athlete,2026-09-21T01:15:56Z
4600663,Zach Edey,Zach,Edey,https://a.espncdn.com/i/headshots/nba/players/full/4600663.png,87.0,305.0,2002-03-14,Toronto,ON,Canada,Center,C,14,29,Memphis Grizzlies,current,2024.0,1.0,9.0,,2.0,True,active,espn-core-athlete,2026-09-21T01:15:56Z
4610139,Jeremy Sochan,Jeremy,Sochan,https://a.espncdn.com/i/headshots/nba/players/full/4610139.png,80.0,230.0,2003-05-20,Milton Keynes,,England,Forward,F,20,22,Portland Trail Blazers,current,2022.0,1.0,9.0,,4.0,True,active,espn-core-athlete,2026-09-21T01:15:56Z
4683018,Aleksej Pokusevski,Aleksej,Pokusevski,https://a.espncdn.com/i/headshots/nba/players/full/4683018.png,84.0,210.0,2001-12-26,Sabac,,Serbia,Forward,F,17,30,Charlotte Hornets,last-known,2020.0,1.0,17.0,2020.0,3.0,False,free-agent,espn-core-athlete,2026-09-21T01:15:56Z
4683021,Deni Avdija,Deni,Avdija,https://a.espncdn.com/i/headshots/nba/players/full/4683021.png,80.0,228.0,2001-01-03,Tel Aviv,,Israel,Forward,F,8,22,Portland Trail Blazers,current,2020.0,1.0,9.0,2020.0,6.0,True,active,espn-core-athlete,2026-09-21T01:15:56Z
4683024,Killian Hayes,Killian,Hayes,https://a.espncdn.com/i/headshots/nba/players/full/4683024.png,76.0,195.0,2001-07-27,Lakeland,FL,USA,Guard,G,3,23,Sacramento Kings,last-known,2020.0,1.0,7.0,2020.0,6.0,False,free-agent,espn-core-athlete,2026-09-21T01:15:56Z
4683027,Theo Maledon,Theo,Maledon,https://a.espncdn.com/i/headshots/nba/players/full/4683027.png,76.0,175.0,2001-06-12,Paris,,France,Point Guard,PG,9,21,Phoenix Suns,last-known,2020.0,2.0,34.0,2020.0,3.0,False,inactive,espn-core-athlete,2026-09-21T01:15:56Z
4683634,Bennedict Mathurin,Bennedict,Mathurin,https://a.espncdn.com/i/headshots/nba/players/full/4683634.png,77.0,210.0,2002-06-19,Montreal,PQ,Canada,Guard,G,,3,New Orleans Pelicans,current,2022.0,1.0,6.0,,4.0,True,active,espn-core-athlete,2026-09-21T01:15:56Z
4683678,Scoot Henderson,Scoot,Henderson,https://a.espncdn.com/i/headshots/nba/players/full/4683678.png,75.0,207.0,2004-02-03,Marietta,GA,USA,Guard,G,00,22,Portland Trail Blazers,current,2023.0,1.0,3.0,,3.0,True,active,espn-core-athlete,2026-09-21T01:15:56Z
4683688,Dereck Lively II,Dereck,Lively II,https://a.espncdn.com/i/headshots/nba/players/full/4683688.png,85.0,230.0,2004-02-12,Philadelphia,PA,USA,Center,C,2,6,Dallas Mavericks,current,2023.0,1.0,12.0,,3.0,True,active,espn-core-athlete,2026-09-21T01:15:56Z
4683689,Jordan Walsh,Jordan,Walsh,https://a.espncdn.com/i/headshots/nba/players/full/4683689.png,78.0,205.0,2004-03-03,Desoto,TX,USA,Guard,G,27,2,Boston Celtics,current,2023.0,2.0,38.0,,3.0,True,active,espn-core-athlete,2026-09-21T01:15:56Z
4683692,Cason Wallace,Cason,Wallace,https://a.espncdn.com/i/headshots/nba/players/full/4683692.png,75.0,195.0,2003-11-07,Dallas,TX,USA,Guard,G,22,25,Oklahoma City Thunder,current,2023.0,1.0,10.0,,3.0,True,active,espn-core-athlete,2026-09-21T01:15:56Z
4683747,Jaylon Tyson,Jaylon,Tyson,https://a.espncdn.com/i/headshots/nba/players/full/4683747.png,78.0,215.0,2002-12-02,Plano,TX,USA,Guard,G,20,5,Cleveland Cavaliers,current,2024.0,1.0,20.0,,2.0,True,active,espn-core-athlete,2026-09-21T01:15:56Z
4683750,Jordan Hawkins,Jordan,Hawkins,https://a.espncdn.com/i/headshots/nba/players/full/4683750.png,77.0,190.0,2002-04-29,Gaithersburg,MD,USA,Guard,G,,29,Memphis Grizzlies,current,2023.0,1.0,14.0,,3.0,True,active,espn-core-athlete,2026-09-21T01:15:56Z
4683766,Isaiah Collier,Isaiah,Collier,https://a.espncdn.com/i/headshots/nba/players/full/4683766.png,76.0,210.0,2004-10-08,Atlanta,GA,USA,Guard,G,8,26,Utah Jazz,current,2024.0,1.0,29.0,,2.0,True,active,espn-core-athlete,2026-09-21T01:15:56Z
4683771,Ronald Holland II,Ronald,Holland II,https://a.espncdn.com/i/headshots/nba/players/full/4683771.png,80.0,206.0,2005-07-07,Duncanville,TX,USA,Forward,F,5,8,Detroit Pistons,current,2024.0,1.0,5.0,,2.0,True,active,espn-core-athlete,2026-09-21T01:15:56Z
4683778,Jared McCain,Jared,McCain,https://a.espncdn.com/i/headshots/nba/players/full/4683778.png,75.0,195.0,2004-02-20,Sacramento,CA,USA,Guard,G,3,25,Oklahoma City Thunder,current,2024.0,1.0,16.0,,2.0,True,active,espn-core-athlete,2026-09-21T01:15:56Z
4684740,Amen Thompson,Amen,Thompson,https://a.espncdn.com/i/headshots/nba/players/full/4684740.png,79.0,200.0,2003-01-30,Oakland,CA,USA,Guard,G,1,10,Houston Rockets,current,2023.0,1.0,4.0,,3.0,True,active,espn-core-athlete,2026-09-21T01:15:56Z
4684742,Ausar Thompson,Ausar,Thompson,https://a.espncdn.com/i/headshots/nba/players/full/4684742.png,79.0,205.0,2003-01-30,Oakland,CA,USA,Guard,G,9,8,Detroit Pistons,current,2023.0,1.0,5.0,,3.0,True,active,espn-core-athlete,2026-09-21T01:15:56Z
4684793,Kyle Filipowski,Kyle,Filipowski,https://a.espncdn.com/i/headshots/nba/players/full/4684793.png,83.0,250.0,2003-11-07,Westtown,NY,USA,Forward,F,22,26,Utah Jazz,current,2024.0,2.0,32.0,,2.0,True,active,espn-core-athlete,2026-09-21T01:15:56Z
4701230,Jalen Johnson,Jalen,Johnson,https://a.espncdn.com/i/headshots/nba/players/full/4701230.png,80.0,219.0,2001-12-18,Milwaukee,WI,USA,Forward,F,1,1,Atlanta Hawks,current,2021.0,1.0,20.0,,5.0,True,active,espn-core-athlete,2026-09-21T01:15:56Z
4701232,Mark Williams,Mark,Williams,https://a.espncdn.com/i/headshots/nba/players/full/4701232.png,85.0,240.0,2001-12-16,Virginia Beach,VA,USA,Center,C,15,21,Phoenix Suns,current,2022.0,1.0,15.0,,4.0,True,active,espn-core-athlete,2026-09-21T01:15:56Z
4702382,Tristan da Silva,Tristan,da Silva,https://a.espncdn.com/i/headshots/nba/players/full/4702382.png,80.0,217.0,2001-05-15,Munich,,Germany,Forward,F,23,19,Orlando Magic,current,2024.0,1.0,18.0,,2.0,True,active,espn-core-athlete,2026-09-21T01:15:56Z
4702384,Nique Clifford,Nique,Clifford,https://a.espncdn.com/i/headshots/nba/players/full/4702384.png,77.0,175.0,2002-02-09,Colorado Springs,CO,USA,Guard,G,5,23,Sacramento Kings,current,2025.0,1.0,24.0,,1.0,True,active,espn-core-athlete,2026-09-21T01:15:56Z
4709138,Brandin Podziemski,Brandin,Podziemski,https://a.espncdn.com/i/headshots/nba/players/full/4709138.png,76.0,205.0,2003-02-25,Greenfield,WI,USA,Guard,G,2,9,Golden State Warriors,current,2023.0,1.0,19.0,,3.0,True,active,espn-core-athlete,2026-09-21T01:15:56Z
4711272,Reed Sheppard,Reed,Sheppard,https://a.espncdn.com/i/headshots/nba/players/full/4711272.png,74.0,185.0,2004-06-24,London,KY,USA,Guard,G,15,10,Houston Rockets,current,2024.0,1.0,3.0,,2.0,True,active,espn-core-athlete,2026-09-21T01:15:56Z
4711294,Matas Buzelis,Matas,Buzelis,https://a.espncdn.com/i/headshots/nba/players/full/4711294.png,80.0,209.0,2004-10-13,,,,Forward,F,14,4,Chicago Bulls,current,2024.0,1.0,11.0,,2.0,True,active,espn-core-athlete,2026-09-21T01:15:56Z
4711297,Justin Edwards,Justin,Edwards,https://a.espncdn.com/i/headshots/nba/players/full/4711297.png,79.0,203.0,2003-12-16,Philadelphia,PA,USA,Forward,F,11,20,Philadelphia 76ers,current,,,,,2.0,True,active,espn-core-athlete,2026-09-21T01:15:56Z
4712849,Anthony Black,Anthony,Black,https://a.espncdn.com/i/headshots/nba/players/full/4712849.png,79.0,200.0,2004-01-20,Duncanville,TX,USA,Guard,G,0,19,Orlando Magic,current,2023.0,1.0,6.0,,3.0,True,active,espn-core-athlete,2026-09-21T01:15:56Z
4845367,Stephon Castle,Stephon,Castle,https://a.espncdn.com/i/headshots/nba/players/full/4845367.png,78.0,215.0,2004-11-01,Covington,GA,USA,Guard,G,5,24,San Antonio Spurs,current,2024.0,1.0,4.0,,2.0,True,active,espn-core-athlete,2026-09-21T01:15:56Z
4845374,Bub Carrington,Bub,Carrington,https://a.espncdn.com/i/headshots/nba/players/full/4845374.png,76.0,190.0,2005-07-21,Baltimore,MD,USA,Guard,G,7,27,Washington Wizards,current,2024.0,1.0,14.0,,2.0,True,active,espn-core-athlete,2026-09-21T01:15:56Z
4868423,Jaden Hardy,Jaden,Hardy,https://a.espncdn.com/i/headshots/nba/players/full/4868423.png,75.0,198.0,2002-07-05,Henderson,NV,USA,Guard,G,,13,Los Angeles Lakers,current,2022.0,2.0,37.0,,4.0,True,active,espn-core-athlete,2026-09-21T01:15:56Z
4869342,Dyson Daniels,Dyson,Daniels,https://a.espncdn.com/i/headshots/nba/players/full/4869342.png,79.0,199.0,2003-03-17,Bendigo,VIC,Australia,Guard,G,5,1,Atlanta Hawks,current,2022.0,1.0,8.0,,4.0,True,active,espn-core-athlete,2026-09-21T01:15:56Z
4869780,Derik Queen,Derik,Queen,https://a.espncdn.com/i/headshots/nba/players/full/4869780.png,81.0,250.0,2004-12-27,Baltimore,MD,USA,Center,C,22,3,New Orleans Pelicans,current,2025.0,1.0,13.0,,1.0,True,active,espn-core-athlete,2026-09-21T01:15:56Z
4871144,Alperen Sengun,Alperen,Sengun,https://a.espncdn.com/i/headshots/nba/players/full/4871144.png,83.0,243.0,2002-07-25,Giresun,,Türkiye,Center,C,28,10,Houston Rockets,current,2021.0,1.0,16.0,,5.0,True,active,espn-core-athlete,2026-09-21T01:15:56Z
4871145,Josh Giddey,Josh,Giddey,https://a.espncdn.com/i/headshots/nba/players/full/4871145.png,79.0,216.0,2002-10-10,,,,Guard,G,3,4,Chicago Bulls,current,2021.0,1.0,6.0,,5.0,True,active,espn-core-athlete,2026-09-21T01:15:56Z
4873138,Ace Bailey,Ace,Bailey,https://a.espncdn.com/i/headshots/nba/players/full/4873138.png,81.0,200.0,2006-08-13,Chattanooga,TN,USA,Guard,G,19,26,Utah Jazz,current,2025.0,1.0,5.0,,1.0,True,active,espn-core-athlete,2026-09-21T01:15:56Z
4895758,Cody Williams,Cody,Williams,https://a.espncdn.com/i/headshots/nba/players/full/4895758.png,80.0,190.0,2004-11-20,Gilbert,AZ,USA,Forward,F,,16,Minnesota Timberwolves,current,2024.0,1.0,10.0,,2.0,True,active,espn-core-athlete,2026-09-21T01:15:56Z
4897943,Dalton Knecht,Dalton,Knecht,https://a.espncdn.com/i/headshots/nba/players/full/4897943.png,78.0,215.0,2001-04-19,Thornton,CO,USA,Forward,F,4,13,Los Angeles Lakers,current,2024.0,1.0,17.0,,2.0,True,active,espn-core-athlete,2026-09-21T01:15:56Z
4898371,Maxime Raynaud,Maxime,Raynaud,https://a.espncdn.com/i/headshots/nba/players/full/4898371.png,85.0,250.0,2003-04-07,Paris,,France,Center,C,42,23,Sacramento Kings,current,2025.0,2.0,42.0,,1.0,True,active,espn-core-athlete,2026-09-21T01:15:56Z
4900671,Ajay Mitchell,Ajay,Mitchell,https://a.espncdn.com/i/headshots/nba/players/full/4900671.png,76.0,190.0,2002-06-25,Liege,,Belgium,Guard,G,25,25,Oklahoma City Thunder,current,2024.0,2.0,38.0,,2.0,True,active,espn-core-athlete,2026-09-21T01:15:56Z
4903027,Cedric Coward,Cedric,Coward,https://a.espncdn.com/i/headshots/nba/players/full/4903027.png,77.0,206.0,2003-09-11,Fresno,CA,USA,Forward,F,23,29,Memphis Grizzlies,current,2025.0,1.0,11.0,,1.0,True,active,espn-core-athlete,2026-09-21T01:15:56Z
4914336,Shaedon Sharpe,Shaedon,Sharpe,https://a.espncdn.com/i/headshots/nba/players/full/4914336.png,77.0,210.0,2003-05-30,London,ON,Canada,Guard,G,17,22,Portland Trail Blazers,current,2022.0,1.0,7.0,,4.0,True,active,espn-core-athlete,2026-09-21T01:15:56Z
4997528,Nikola Jovic,Nikola,Jovic,https://a.espncdn.com/i/headshots/nba/players/full/4997528.png,82.0,240.0,2003-06-09,,,,Forward,F,5,14,Miami Heat,current,2022.0,1.0,27.0,,4.0,True,active,espn-core-athlete,2026-09-21T01:15:56Z
4997536,Gui Santos,Gui,Santos,https://a.espncdn.com/i/headshots/nba/players/full/4997536.png,79.0,185.0,2002-06-22,Brasilia,,Brazil,Forward,F,15,9,Golden State Warriors,current,2022.0,2.0,55.0,,3.0,True,active,espn-core-athlete,2026-09-21T01:15:56Z
5037871,Dylan Harper,Dylan,Harper,https://a.espncdn.com/i/headshots/nba/players/full/5037871.png,77.0,215.0,2006-03-02,Franklin Lakes,NJ,USA,Guard,G,2,24,San Antonio Spurs,current,2025.0,1.0,2.0,,1.0,True,active,espn-core-athlete,2026-09-21T01:15:56Z
5041939,Cooper Flagg,Cooper,Flagg,https://a.espncdn.com/i/headshots/nba/players/full/5041939.png,81.0,205.0,2006-12-21,Newport,ME,USA,Forward,F,32,6,Dallas Mavericks,current,2025.0,1.0,1.0,,1.0,True,active,espn-core-athlete,2026-09-21T01:15:56Z
5061575,Kon Knueppel,Kon,Knueppel,https://a.espncdn.com/i/headshots/nba/players/full/5061575.png,78.0,215.0,2005-08-03,Milwaukee,WI,USA,Guard,G,7,30,Charlotte Hornets,current,2025.0,1.0,4.0,,1.0,True,active,espn-core-athlete,2026-09-21T01:15:56Z
5061589,Yves Missi,Yves,Missi,https://a.espncdn.com/i/headshots/nba/players/full/5061589.png,83.0,235.0,2004-05-14,Yaounde,,Cameroon,Center,C,21,3,New Orleans Pelicans,current,2024.0,1.0,21.0,,2.0,True,active,espn-core-athlete,2026-09-21T01:15:56Z
5104155,Bilal Coulibaly,Bilal,Coulibaly,https://a.espncdn.com/i/headshots/nba/players/full/5104155.png,79.0,195.0,2004-07-26,,,,Guard,G,0,27,Washington Wizards,current,2023.0,1.0,7.0,,3.0,True,active,espn-core-athlete,2026-09-21T01:15:56Z
5104157,Victor Wembanyama,Victor,Wembanyama,https://a.espncdn.com/i/headshots/nba/players/full/5104157.png,88.0,235.0,2004-01-04,Paris,,France,Forward,F,1,24,San Antonio Spurs,current,2023.0,1.0,1.0,,3.0,True,active,espn-core-athlete,2026-09-21T01:15:56Z
5105550,GG Jackson,GG,Jackson,https://a.espncdn.com/i/headshots/nba/players/full/5105550.png,81.0,210.0,2004-12-17,Columbia,SC,USA,Forward,F,45,29,Memphis Grizzlies,current,2023.0,2.0,45.0,,3.0,True,active,espn-core-athlete,2026-09-21T01:15:56Z
5105565,Donovan Clingan,Donovan,Clingan,https://a.espncdn.com/i/headshots/nba/players/full/5105565.png,86.0,280.0,2004-02-23,Bristol,CT,USA,Center,C,23,22,Portland Trail Blazers,current,2024.0,1.0,7.0,,2.0,True,active,espn-core-athlete,2026-09-21T01:15:56Z
5105592,Cam Whitmore,Cam,Whitmore,https://a.espncdn.com/i/headshots/nba/players/full/5105592.png,78.0,230.0,2004-07-08,Odenton,MD,USA,Forward,F,,7,Denver Nuggets,current,2023.0,1.0,20.0,,4.0,True,active,espn-core-athlete,2026-09-21T01:15:56Z
5105623,Kel'el Ware,Kel'el,Ware,https://a.espncdn.com/i/headshots/nba/players/full/5105623.png,84.0,250.0,2004-04-20,North Little Rock,AR,USA,Center,C,7,15,Milwaukee Bucks,current,2024.0,1.0,15.0,,2.0,True,active,espn-core-athlete,2026-09-21T01:15:56Z
5105637,Adem Bona,Adem,Bona,https://a.espncdn.com/i/headshots/nba/players/full/5105637.png,82.0,235.0,2003-03-28,Ebonyi State,,Nigeria,Center,C,30,20,Philadelphia 76ers,current,2024.0,2.0,41.0,,2.0,True,active,espn-core-athlete,2026-09-21T01:15:56Z
5105839,Brice Sensabaugh,Brice,Sensabaugh,https://a.espncdn.com/i/headshots/nba/players/full/5105839.png,78.0,235.0,2003-10-30,Orlando,FL,USA,Forward,F,28,26,Utah Jazz,current,2023.0,1.0,28.0,,3.0,True,active,espn-core-athlete,2026-09-21T01:15:56Z
5106060,Jarace Walker,Jarace,Walker,https://a.espncdn.com/i/headshots/nba/players/full/5106060.png,79.0,235.0,2003-09-04,New Freedom,PA,USA,Forward,F,5,11,Indiana Pacers,current,2023.0,1.0,8.0,,3.0,True,active,espn-core-athlete,2026-09-21T01:15:56Z
5106258,Gradey Dick,Gradey,Dick,https://a.espncdn.com/i/headshots/nba/players/full/5106258.png,79.0,200.0,2003-11-20,Wichita,KS,USA,Guard,G,1,12,LA Clippers,current,2023.0,1.0,13.0,,3.0,True,active,espn-core-athlete,2026-09-21T01:15:56Z
5107199,Daniss Jenkins,Daniss,Jenkins,https://a.espncdn.com/i/headshots/nba/players/full/5107199.png,76.0,165.0,2001-08-17,Dallas,TX,USA,Guard,G,24,8,Detroit Pistons,current,,,,,2.0,True,active,espn-core-athlete,2026-09-21T01:15:56Z
5124612,VJ Edgecombe,VJ,Edgecombe,https://a.espncdn.com/i/headshots/nba/players/full/5124612.png,76.0,180.0,2005-07-30,Bimini,,Bahamas,Guard,G,77,20,Philadelphia 76ers,current,2025.0,1.0,3.0,,1.0,True,active,espn-core-athlete,2026-09-21T01:15:56Z
5144091,Jeremiah Fears,Jeremiah,Fears,https://a.espncdn.com/i/headshots/nba/players/full/5144091.png,75.0,190.0,2006-10-14,Joliet,IL,USA,Guard,G,0,3,New Orleans Pelicans,current,2025.0,1.0,7.0,,1.0,True,active,espn-core-athlete,2026-09-21T01:15:56Z
5160992,Alex Sarr,Alex,Sarr,https://a.espncdn.com/i/headshots/nba/players/full/5160992.png,84.0,205.0,2005-04-26,,,,Center,C,20,27,Washington Wizards,current,2024.0,1.0,2.0,,2.0,True,active,espn-core-athlete,2026-09-21T01:15:56Z
5174563,Kyshawn George,Kyshawn,George,https://a.espncdn.com/i/headshots/nba/players/full/5174563.png,80.0,200.0,2003-12-12,Monthey,,Switzerland,Forward,F,18,27,Washington Wizards,current,2024.0,1.0,24.0,,2.0,True,active,espn-core-athlete,2026-09-21T01:15:56Z
5175643,Egor Demin,Egor,Demin,https://a.espncdn.com/i/headshots/nba/players/full/5175643.png,80.0,200.0,2006-03-03,Moscow,,Russia,Guard,G,8,17,Brooklyn Nets,current,2025.0,1.0,8.0,,1.0,True,active,espn-core-athlete,2026-09-21T01:15:56Z
5211175,Zaccharie Risacher,Zaccharie,Risacher,https://a.espncdn.com/i/headshots/nba/players/full/5211175.png,80.0,200.0,2005-04-08,,,,Forward,F,10,6,Dallas Mavericks,current,2024.0,1.0,1.0,,2.0,True,active,espn-core-athlete,2026-09-21T01:15:56Z
5238230,Tre Johnson,Tre,Johnson,https://a.espncdn.com/i/headshots/nba/players/full/5238230.png,77.0,190.0,2006-03-07,Garland,TX,USA,Guard,G,12,27,Washington Wizards,current,2025.0,1.0,6.0,,1.0,True,active,espn-core-athlete,2026-09-21T01:15:56Z
5279130,Nolan Traore,Nolan,Traore,https://a.espncdn.com/i/headshots/nba/players/full/5279130.png,75.0,185.0,2006-05-28,Creteil,,France,Guard,G,13,17,Brooklyn Nets,current,2025.0,1.0,19.0,,1.0,True,active,espn-core-athlete,2026-09-21T01:15:56Z
