Year,Scoring Period,Week
2023,2,1
2023,3,1
2023,4,1
2023,5,1
2023,6,1
2023,7,1
2023,8,2
2023,9,2
2023,10,2
2023,11,2
2023,12,2
2023,13,2
2023,14,2
2023,15,3
2023,16,3
2023,17,3
2023,18,3
2023,19,3
2023,20,3
2023,21,3
2023,22,4
2023,23,4
2023,24,4
2023,25,4
2023,26,4
2023,27,4
2023,28,4
2023,29,5
2023,30,5
2023,31,5
2023,32,5
2023,33,5
2023,34,5
2023,35,5
2023,36,6
2023,37,6
2023,38,6
2023,39,6
2023,40,6
2023,41,6
2023,42,6
2023,43,7
2023,44,7
2023,45,7
2023,46,7
2023,47,7
2023,48,7
2023,49,7
2023,50,8
2023,51,8
2023,52,8
2023,53,8
2023,54,8
2023,55,8
2023,56,8
2023,57,9
2023,58,9
2023,59,9
2023,60,9
2023,61,9
2023,62,9
2023,63,9
2023,64,10
2023,65,10
2023,66,10
2023,67,10
2023,68,10
2023,69,10
2023,70,10
2023,71,11
2023,72,11
2023,73,11
2023,74,11
2023,75,11
2023,76,11
2023,77,11
2023,78,12
2023,79,12
2023,80,12
2023,81,12
2023,82,12
2023,83,12
2023,84,12
2023,85,13
2023,86,13
2023,87,13
2023,88,13
2023,89,13
2023,90,13
2023,91,13
2023,92,14
2023,93,14
2023,94,14
2023,95,14
2023,96,14
2023,97,14
2023,98,14
2023,99,15
2023,100,15
2023,101,15
2023,102,15
2023,103,15
2023,104,15
2023,105,15
2023,106,16
2023,107,16
2023,108,16
2023,109,16
2023,110,16
2023,111,16
2023,112,16
2023,113,17
2023,114,17
2023,115,17
2023,116,17
2023,117,17
2023,118,17
2023,119,17
2023,120,18
2023,121,18
2023,122,18
2023,123,18
2023,124,18
2023,125,18
2023,126,18
2023,127,18
2023,128,18
2023,129,18
2023,130,18
2023,131,18
2023,132,18
2023,133,18
2023,134,19
2023,135,19
2023,136,19
2023,137,19
2023,138,19
2023,139,19
2023,140,19
2023,141,20
2023,142,20
2023,143,20
2023,144,20
2023,145,20
2023,146,20
2023,147,20
2023,148,21
2023,149,21
2023,150,21
2023,151,21
2023,152,21
2023,153,21
2023,154,21
2023,155,22
2023,156,22
2023,157,22
2023,158,22
2023,159,22
2023,160,22
2023,161,22
2023,162,23
2023,163,23
2023,164,23
2023,165,23
2023,166,23
2023,167,23
2023,168,23
2023,170,24
2023,171,24
2023,172,24
2023,173,24
2023,174,24
2023,175,24
2024,1,1
2024,2,1
2024,3,1
2024,4,1
2024,5,1
2024,6,1
2024,7,2
2024,8,2
2024,9,2
2024,10,2
2024,11,2
2024,12,2
2024,13,2
2024,14,3
2024,15,3
2024,16,3
2024,17,3
2024,18,3
2024,19,3
2024,20,3
2024,21,4
2024,22,4
2024,23,4
2024,24,4
2024,25,4
2024,26,4
2024,27,4
2024,28,5
2024,29,5
2024,30,5
2024,31,5
2024,32,5
2024,33,5
2024,34,5
2024,35,6
2024,36,6
2024,37,6
2024,38,6
2024,39,6
2024,40,6
2024,42,7
2024,43,7
2024,44,7
2024,45,7
2024,46,7
2024,49,8
2024,50,8
2024,51,8
2024,52,8
2024,53,8
2024,54,8
2024,55,8
2024,56,9
2024,57,9
2024,58,9
2024,59,9
2024,60,9
2024,61,9
2024,63,10
2024,64,10
2024,65,10
2024,66,10
2024,67,10
2024,68,10
2024,69,10
2024,70,11
2024,71,11
2024,72,11
2024,73,11
2024,74,11
2024,75,11
2024,76,11
2024,77,12
2024,78,12
2024,79,12
2024,80,12
2024,81,12
2024,82,12
2024,83,12
2024,84,13
2024,85,13
2024,86,13
2024,87,13
2024,88,13
2024,89,13
2024,90,13
2024,91,14
2024,92,14
2024,93,14
2024,94,14
2024,95,14
2024,96,14
2024,97,14
2024,98,15
2024,99,15
2024,100,15
2024,101,15
2024,102,15
2024,103,15
2024,104,15
2024,105,16
2024,106,16
2024,107,16
2024,108,16
2024,109,16
2024,110,16
2024,111,16
2024,112,17
2024,113,17
2024,114,17
2024,115,17
2024,116,17
2024,117,17
2024,118,17
2024,119,17
2024,120,17
2024,121,17
2024,122,17
2024,123,17
2024,124,17
2024,125,17
2024,126,18
2024,127,18
2024,128,18
2024,129,18
2024,130,18
2024,131,18
2024,132,18
2024,133,19
2024,134,19
2024,135,19
2024,136,19
2024,137,19
2024,138,19
2024,139,19
2024,140,20
2024,141,20
2024,142,20
2024,143,20
2024,144,20
2024,145,20
2024,146,20
2024,147,21
2024,148,21
2024,149,21
2024,150,21
2024,151,21
2024,152,21
2024,153,21
2024,154,22
2024,155,22
2024,156,22
2024,157,22
2024,158,22
2024,159,22
2024,160,22
2024,161,23
2024,162,23
2024,163,23
2024,164,23
2024,165,23
2024,166,23
2024,167,23
2025,1,1
2025,2,1
2025,3,1
2025,4,1
2025,5,1
2025,6,1
2025,7,2
2025,8,2
2025,9,2
2025,10,2
2025,11,2
2025,12,2
2025,13,2
2025,14,3
2025,15,3
2025,16,3
2025,17,3
2025,18,3
2025,19,3
2025,20,3
2025,21,4
2025,22,4
2025,23,4
2025,24,4
2025,25,4
2025,26,4
2025,27,4
2025,28,5
2025,29,5
2025,30,5
2025,31,5
2025,32,5
2025,33,5
2025,34,5
2025,35,6
2025,36,6
2025,37,6
2025,38,6
2025,39,6
2025,40,6
2025,41,6
2025,42,7
2025,43,7
2025,44,7
2025,45,7
2025,46,7
2025,47,7
2025,48,7
2025,49,8
2025,50,8
2025,51,8
2025,52,8
2025,53,8
2025,54,8
2025,55,8
2025,56,9
2025,57,9
2025,58,9
2025,59,9
2025,60,9
2025,61,9
2025,62,9
2025,63,10
2025,64,10
2025,65,10
2025,66,10
2025,67,10
2025,68,10
2025,69,10
2025,70,11
2025,71,11
2025,72,11
2025,73,11
2025,74,11
2025,75,11
2025,76,11
2025,77,12
2025,78,12
2025,79,12
2025,80,12
2025,81,12
2025,82,12
2025,83,12
2025,84,13
2025,85,13
2025,86,13
2025,87,13
2025,88,13
2025,89,13
2025,90,13
2025,91,14
2025,92,14
2025,93,14
2025,94,14
2025,95,14
2025,96,14
2025,97,14
2025,98,15
2025,99,15
2025,100,15
2025,101,15
2025,102,15
2025,103,15
2025,104,15
2025,105,16
2025,106,16
2025,107,16
2025,108,16
2025,109,16
2025,110,16
2025,111,16
2025,112,17
2025,113,17
2025,114,17
2025,115,17
2025,116,17
2025,117,17
2025,118,17
2025,119,17
2025,120,17
2025,121,17
2025,122,17
2025,123,17
2025,124,17
2025,125,17
2025,126,18
2025,127,18
2025,128,18
2025,129,18
2025,130,18
2025,131,18
2025,132,18
2025,133,19
2025,134,19
2025,135,19
2025,136,19
2025,137,19
2025,138,19
2025,139,19
2025,140,20
2025,141,20
2025,142,20
2025,143,20
2025,144,20
2025,145,20
2025,146,20
2025,147,21
2025,148,21
2025,149,21
2025,150,21
2025,151,21
2025,152,21
2025,153,21
2025,154,22
2025,155,22
2025,156,22
2025,157,22
2025,158,22
2025,159,22
2025,160,22
2025,161,23
2025,162,23
2025,163,23
2025,164,23
2025,165,23
2025,166,23
2025,167,23
2026,1,1
2026,2,1
2026,3,1
2026,4,1
2026,5,1
2026,6,1
2026,7,2
2026,8,2
2026,9,2
2026,10,2
2026,11,2
2026,12,2
2026,13,2
2026,14,3
2026,15,3
2026,16,3
2026,17,3
2026,18,3
2026,19,3
2026,20,3
2026,21,4
2026,22,4
2026,23,4
2026,24,4
2026,25,4
2026,26,4
2026,27,4
2026,28,5
2026,29,5
2026,30,5
2026,31,5
2026,32,5
2026,33,5
2026,34,5
2026,35,6
2026,36,6
2026,37,6
2026,38,6
2026,39,6
2026,40,6
2026,41,6
2026,42,7
2026,43,7
2026,44,7
2026,45,7
2026,46,7
2026,47,7
2026,48,7
2026,49,8
2026,50,8
2026,51,8
2026,52,8
2026,53,8
2026,54,8
2026,55,8
2026,56,9
2026,57,9
2026,58,9
2026,59,9
2026,60,9
2026,61,9
2026,62,9
2026,63,10
2026,64,10
2026,65,10
2026,66,10
2026,67,10
2026,68,10
2026,69,10
2026,70,11
2026,71,11
2026,72,11
2026,73,11
2026,74,11
2026,75,11
2026,76,11
2026,77,12
2026,78,12
2026,79,12
2026,80,12
2026,81,12
2026,82,12
2026,83,12
2026,84,13
2026,85,13
2026,86,13
2026,87,13
2026,88,13
2026,89,13
2026,90,13
2026,91,14
2026,92,14
2026,93,14
2026,94,14
2026,95,14
2026,96,14
2026,97,14
2026,98,15
2026,99,15
2026,100,15
2026,101,15
2026,102,15
2026,103,15
2026,104,15
2026,105,16
2026,106,16
2026,107,16
2026,108,16
2026,109,16
2026,110,16
2026,111,16
2026,112,17
2026,113,17
2026,114,17
2026,115,17
2026,116,17
2026,117,17
2026,118,17
2026,119,17
2026,120,17
2026,121,17
2026,122,17
2026,123,17
2026,124,17
2026,125,17
2026,126,18
2026,127,18
2026,128,18
2026,129,18
2026,130,18
2026,131,18
2026,132,18
2026,133,19
2026,134,19
2026,135,19
2026,136,19
2026,137,19
2026,138,19
2026,139,19
2026,140,20
2026,141,20
2026,142,20
2026,143,20
2026,144,20
2026,145,20
2026,146,20
2026,147,21
2026,148,21
2026,149,21
2026,150,21
2026,151,21
2026,152,21
2026,153,21
2026,154,22
2026,155,22
2026,156,22
2026,157,22
2026,158,22
2026,159,22
2026,160,22
2026,161,23
2026,162,23
2026,163,23
2026,164,23
2026,165,23
2026,166,23
2026,167,23
